,ETIQUETA,TIPOVIA,NOMVIA,NUMERO,CMUN,MUNICIPIO,CD_VIAL,UTM_X,UTM_Y,URL,NIF,BUSCA,DESCR,TIPON,geometry,Codigo
0,consultorio de la acebeda,Plaza,San Miguel,1,001,La Acebeda,00100028,447522,4548589,https://www.comunidad.madrid/centros/consultorio-acebeda,Q2877025C,"Consultorio de Atención Primaria de La Acebeda Plaza San Miguel, 1. La Acebeda",Consultorio de La Acebeda,Consultorio,POINT (447522 4548589),CS12674
1,consultorio de ajalvir,Avda,Aguas,2,002,Ajalvir,00200141,459130,4487429,https://www.comunidad.madrid/centros/consultorio-ajalvir,Q2877025C,"Consultorio de Atención Primaria de Ajalvir Avda Aguas, 2. Ajalvir",Consultorio de Ajalvir,Consultorio,POINT (459130 4487429),CS8906
2,consultorio de alameda del valle,Plaza,Santa Marina,17,003,Alameda del Valle,003A0030,428958,4530000,https://www.comunidad.madrid/centros/consultorio-alameda-valle,Q2877025C,"Consultorio de Atención Primaria de Alameda del Valle Plaza Santa Marina, 17. Alameda del Valle",Consultorio de Alameda del Valle,Consultorio,POINT (428958 4530000),CS12605
3,consultorio de el álamo,Calle,Federico García Lorca,31,004,El Álamo,00400218,415892,4454069,https://www.comunidad.madrid/centros/consultorio-alamo,Q2877018H,"Consultorio de Atención Primaria de El Álamo Calle Federico García Lorca, 31. El Álamo",Consultorio de El Álamo,Consultorio,POINT (415892 4454069),CS9705
4,consultorio de aldea del fresno,Calle,San Rafael,17,008,Aldea del Fresno,008A0088,398120,4464011,https://www.comunidad.madrid/centros/consultorio-aldea-fresno,Q2877018H,"Consultorio de Atención Primaria de Aldea del Fresno Calle San Rafael, 17. Aldea del Fresno",Consultorio de Aldea del Fresno,Consultorio,POINT (398120 4464011),CS9688
5,consultorio de santo domingo,Avda,Guadalix,3,009,Algete,00900044,450987,4496981,https://www.comunidad.madrid/centros/consultorio-santo-domingo,Q2877025C,"Consultorio de Atención Primaria de Atención Primaria de Santo Domingo Avda Guadalix, 3. Algete",Consultorio de Santo Domingo,Consultorio,POINT (450987 4496981),CS12649
6,consultorio de alpedrete,Plaza,Tauromaquia,1,010,Alpedrete,010A0232,413034,4501187,https://www.comunidad.madrid/centros/consultorio-alpedrete,Q2877026A,"Consultorio de Atención Primaria de Alpedrete Plaza Tauromaquia, 1. Alpedrete",Consultorio de Alpedrete,Consultorio,POINT (413034 4501187),CS7253
7,consultorio de ambite,Calle,Benito Torres,15,011,Ambite,01100074,484446,4464074,https://www.comunidad.madrid/centros/consultorio-ambite,Q2877031A,"Consultorio de Atención Primaria de Ambite Calle Benito Torres, 15. Ambite",Consultorio de Ambite,Consultorio,POINT (484446 4464074),CS11505
8,consultorio de anchuelo,Calle,Coso,2,012,Anchuelo,012A0013,477291,4479522,https://www.comunidad.madrid/centros/consultorio-anchuelo,Q2877019F,"Consultorio de Atención Primaria de Anchuelo Calle Coso, 2. Anchuelo",Consultorio de Anchuelo,Consultorio,POINT (477291 4479522),CS10477
9,consultorio de la poveda,Calle,Monte Alegre,11,014,Arganda del Rey,014A0255,459082,4462930,https://www.comunidad.madrid/centros/consultorio-poveda,Q2877031A,"Consultorio de Atención Primaria de La Poveda Calle Monte Alegre, 11. Arganda del Rey",Consultorio de La Poveda,Consultorio,POINT (459082 4462930),CS11604
10,consultorio de arroyomolinos,Avda,Unión Europea,20,015,Arroyomolinos,01500174,421947,4459428,https://www.comunidad.madrid/centros/consultorio-arroyomolinos,Q2877018H,"Consultorio de Atención Primaria de Arroyomolinos Avda Unión Europea, 20. Arroyomolinos",Consultorio de Arroyomolinos,Consultorio,POINT (421947 4459428),CS13706
11,consultorio de el atazar,Calle,Eras,3,016,El Atazar,016A0007,460379,4531682,https://www.comunidad.madrid/centros/consultorio-atazar,Q2877025C,"Consultorio de Atención Primaria de El Atazar Calle Eras, 3. El Atazar",Consultorio de El Atazar,Consultorio,POINT (460379 4531682),AUXCONS1
12,consultorio de batres,Calle,Secaderos,3,017,Batres,017A0009,421629,4451215,https://www.comunidad.madrid/centros/consultorio-batres,Q2877020D,"Consultorio de Atención Primaria de Batres Calle Secaderos, 3. Batres",Consultorio de Batres,Consultorio,POINT (421629 4451215),CS13045
13,consultorio de becerril de la sierra,Calle,Real,19,018,Becerril de la Sierra,01800286,416294,4507548,https://www.comunidad.madrid/centros/consultorio-becerril-sierra,Q2877026A,"Consultorio de Atención Primaria de Becerril de la Sierra Calle Real, 19. Becerril de la Sierra",Consultorio de Becerril de la Sierra,Consultorio,POINT (416294 4507548),CS9065
14,consultorio de belmonte de tajo,Plaza,Constitución,1,019,Belmonte de Tajo,01900078,471071,4442662,https://www.comunidad.madrid/centros/consultorio-belmonte-tajo,Q2877031A,"Consultorio de Atención Primaria de Belmonte de Tajo Plaza Constitución, 1. Belmonte de Tajo",Consultorio de Belmonte de Tajo,Consultorio,POINT (471071 4442662),CS11504
15,consultorio de berzosa del lozoya,Calle,Manzano,6,020,Berzosa de Lozoya,020A0023,455870,4536116,https://www.comunidad.madrid/centros/consultorio-berzosa-lozoya,Q2877025C,"Consultorio de Atención Primaria de Berzosa del Lozoya Calle Manzano, 6. Berzosa de Lozoya",Consultorio de Berzosa del Lozoya,Consultorio,POINT (455870 4536116),CS15739
16,consultorio de el berrueco,Cllon,Huertos,15,021,El Berrueco,02100077,452767,4526488,https://www.comunidad.madrid/centros/consultorio-berrueco,Q2877025C,"Consultorio de Atención Primaria de El Berrueco Cllon Huertos, 15. El Berrueco",Consultorio de El Berrueco,Consultorio,POINT (452767 4526488),CS12472
17,consultorio de infante don luis de borbón,Calle,Secundino Zuazo,6,022,Boadilla del Monte,02200559,424020,4472819,https://www.comunidad.madrid/centros/consultorio-infante-don-luis-borbon,Q2877026A,"Consultorio de Atención Primaria de Infante Don Luis de Borbón Calle Secundino Zuazo, 6. Boadilla del Monte",Consultorio de Infante Don Luis de Borbón,Consultorio,POINT (424020 4472819),CS12162
18,consultorio de cerceda,Calle,Teresa Fraile,19,023,El Boalo,02300191,421291,4505505,https://www.comunidad.madrid/centros/consultorio-cerceda,Q2877025C,"Consultorio de Atención Primaria de Cerceda Calle Teresa Fraile, 19. El Boalo",Consultorio de Cerceda,Consultorio,POINT (421291 4505505),CS12474
19,consultorio de mataelpino,Calle,Escultor,1,023,El Boalo,02300196,420109,4509955,https://www.comunidad.madrid/centros/consultorio-mataelpino,Q2877025C,"Consultorio de Atención Primaria de Mataelpino Calle Escultor, 1. El Boalo",Consultorio de Mataelpino,Consultorio,POINT (420109 4509955),CS12657
20,consultorio de el boalo,Calle,Peña Hoyuela,17,023,El Boalo,02300206,422308,4507578,https://www.comunidad.madrid/centros/consultorio-boalo,Q2877025C,"Consultorio de Atención Primaria de El Boalo Calle Peña Hoyuela, 17. El Boalo",Consultorio de El Boalo,Consultorio,POINT (422308 4507578),
21,consultorio de braojos,Plaza,Sol,20,024,Braojos,02400004,446025,4543318,https://www.comunidad.madrid/centros/consultorio-braojos,Q2877025C,"Consultorio de Atención Primaria de Braojos Plaza Sol, 20. Braojos",Consultorio de Braojos,Consultorio,POINT (446025 4543318),CS12661
22,consultorio de brea de tajo,Calle,Julián Nicolás,1,025,Brea de Tajo,02500146,490406,4453109,https://www.comunidad.madrid/centros/consultorio-brea-tajo,Q2877031A,"Consultorio de Atención Primaria de Brea de Tajo Calle Julián Nicolás, 1. Brea de Tajo",Consultorio de Brea de Tajo,Consultorio,POINT (490406 4453109),CS13043
23,consultorio de brunete,Avda,Villanueva de la Cañada,6,026,Brunete,026A0125,415245,4473578,https://www.comunidad.madrid/centros/consultorio-brunete,Q2877026A,"Consultorio de Atención Primaria de Brunete Avda Villanueva de la Cañada, 6. Brunete",Consultorio de Brunete,Consultorio,POINT (415245 4473578),CS7247
24,consultorio de bustarviejo,Calle,Madrid,19,028,Bustarviejo,02800053,440347,4523174,https://www.comunidad.madrid/centros/consultorio-bustarviejo,Q2877025C,"Consultorio de Atención Primaria de Bustarviejo Calle Madrid, 19. Bustarviejo",Consultorio de Bustarviejo,Consultorio,POINT (440347 4523174),CS0510
25,consultorio de cabanillas de la sierra,Calle,Nueva,2,029,Cabanillas de la Sierra,02900053,447098,4519222,https://www.comunidad.madrid/centros/consultorio-cabanillas,Q2877025C,"Consultorio de Atención Primaria de Cabanillas de la Sierra Calle Nueva, 2. Cabanillas de la Sierra",Consultorio de Cabanillas de la Sierra,Consultorio,POINT (447098 4519222),CS12647
26,consultorio de camarma de esteruelas,Calle,Soledad,s/n,032,Camarma de Esteruelas,03200155,467938,4488688,https://www.comunidad.madrid/centros/consultorio-camarma-esteruelas,Q2877019F,"Consultorio de Atención Primaria de Camarma de Esteruelas Calle Soledad, s/n. Camarma de Esteruelas",Consultorio de Camarma de Esteruelas,Consultorio,POINT (467938 4488688),
27,consultorio de canencia,Plaza,Constitución,1,034,Canencia,03400037,437877,4529003,https://www.comunidad.madrid/centros/consultorio-canencia,Q2877025C,"Consultorio de Atención Primaria de Canencia Plaza Constitución, 1. Canencia",Consultorio de Canencia,Consultorio,POINT (437877 4529003),CS12762
28,consultorio de carabaña,Calle,Sierra,20,035,Carabaña,03500158,479665,4456398,https://www.comunidad.madrid/centros/consultorio-carabana,Q2877031A,"Consultorio de Atención Primaria de Carabaña Calle Sierra, 20. Carabaña",Consultorio de Carabaña,Consultorio,POINT (479665 4456398),CS8205
29,consultorio de casarrubuelos,Calle,Ciudad Real,3,036,Casarrubuelos,03600214,429674,4447256,https://www.comunidad.madrid/centros/consultorio-casarrubuelos,Q2877020D,"Consultorio de Atención Primaria de Casarrubuelos Calle Ciudad Real, 3. Casarrubuelos",Consultorio de Casarrubuelos,Consultorio,POINT (429674 4447256),CS14967
30,consultorio de cenicientos,Calle,Plaza de los Caños,15,037,Cenicientos,03700004,375069,4458257,https://www.comunidad.madrid/centros/consultorio-cenicientos,Q2877018H,"Consultorio de Atención Primaria de Cenicientos Calle Plaza de los Caños, 15. Cenicientos",Consultorio de Cenicientos,Consultorio,POINT (375069 4458257),CS9731
31,consultorio de cervera de buitrago,Calle,Iglesia,2,039,Cervera de Buitrago,03900022,455353,4530259,https://www.comunidad.madrid/centros/consultorio-cervera-buitrago,Q2877025C,"Consultorio de Atención Primaria de Cervera de Buitrago Calle Iglesia, 2. Cervera de Buitrago",Consultorio de Cervera de Buitrago,Consultorio,POINT (455353 4530259),CS13227
32,consultorio de cobeña,Calle,Mercado,17,041,Cobeña,04100052,457108,4490791,https://www.comunidad.madrid/centros/consultorio-cobena,Q2877025C,"Consultorio de Atención Primaria de Cobeña Calle Mercado, 17. Cobeña",Consultorio de Cobeña,Consultorio,POINT (457108 4490791),CS9370
33,consultorio de colmenar del arroyo,Calle,Real,7,042,Colmenar del Arroyo,042A0039,398329,4475011,https://www.comunidad.madrid/centros/consultorio-colmenar-arroyo,Q2877018H,"Consultorio de Atención Primaria de Colmenar del Arroyo Calle Real, 7. Colmenar del Arroyo",Consultorio de Colmenar del Arroyo,Consultorio,POINT (398329 4475011),CS9754
34,consultorio de colmenarejo,Calle,Cañada de las Merinas,64,044,Colmenarejo,04400204,414215,4490431,https://www.comunidad.madrid/centros/consultorio-colmenarejo,Q2877026A,"Consultorio de Atención Primaria de Colmenarejo Calle Cañada de las Merinas, 64. Colmenarejo",Consultorio de Colmenarejo,Consultorio,POINT (414215 4490431),CS7251
35,consultorio de collado mediano,Calle,Zarza,6,046,Collado Mediano,046A0192,413107,4505000,https://www.comunidad.madrid/centros/consultorio-collado-mediano,Q2877026A,"Consultorio de Atención Primaria de Collado Mediano Calle Zarza, 6. Collado Mediano",Consultorio de Collado Mediano,Consultorio,POINT (413107 4505000),CS9066
36,consultorio de corpa,Plaza,España,3,048,Corpa,04800080,477825,4475116,https://www.comunidad.madrid/centros/consultorio-corpa,Q2877019F,"Consultorio de Atención Primaria de Corpa Plaza España, 3. Corpa",Consultorio de Corpa,Consultorio,POINT (477825 4475116),CS9861
37,consultorio de coslada estación,Avda,San Pablo,6,049,Coslada,049A0246,454696,4476713,https://www.comunidad.madrid/centros/consultorio-coslada-estacion,Q2877030C,"Consultorio de Atención Primaria de Coslada Estación Avda San Pablo, 6. Coslada",Consultorio de Coslada Estación,Consultorio,POINT (454696 4476713),CS7308
38,consultorio de chapinería,Calle,Madrid,19,051,Chapinería,05100081,397537,4470593,https://www.comunidad.madrid/centros/consultorio-chapinería,Q2877018H,"Consultorio de Atención Primaria de Chapinería Calle Madrid, 19. Chapinería",Consultorio de Chapinería,Consultorio,POINT (397537 4470593),CS9834
39,consultorio de chinchón,Calle,Álvarez Gato,4,052,Chinchón,052A0001,463881,4443353,https://www.comunidad.madrid/centros/consultorio-chinchon,Q2877021B,"Consultorio de Atención Primaria de Chinchón Calle Álvarez Gato, 4. Chinchón",Consultorio de Chinchón,Consultorio,POINT (463881 4443353),CS13990
40,consultorio de daganzo de arriba,Calle,Garcilaso de la Vega,2,053,Daganzo de Arriba,05300155,461070,4488428,https://www.comunidad.madrid/centros/consultorio-daganzo,Q2877025C,"Consultorio de Atención Primaria de Daganzo de Arriba Calle Garcilaso de la Vega, 2. Daganzo de Arriba",Consultorio de Daganzo de Arriba,Consultorio,POINT (461070 4488428),CS9031
41,consultorio de el escorial,Calle,Juliana,1,054,El Escorial,05400085,404025,4493402,https://www.comunidad.madrid/centros/consultorio-escorial,Q2877026A,"Consultorio de Atención Primaria de El Escorial Calle Juliana, 1. El Escorial",Consultorio de El Escorial,Consultorio,POINT (404025 4493402),CS7248
42,consultorio de los arroyos,Calle,Dieciséis,1,054,El Escorial,5400735,410391,4494866,https://www.comunidad.madrid/centros/consultorio-arroyos,Q2877026A,"Consultorio de Atención Primaria de Los Arroyos Calle Dieciséis, 1. El Escorial",Consultorio de Los Arroyos,Consultorio,POINT (410391 4494866),
43,consultorio de estremera,Calle,Don José Maestro Martínez,1,055,Estremera,055A0033,490638,4448165,https://www.comunidad.madrid/centros/consultorio-estremera,Q2877031A,"Consultorio de Atención Primaria de Estremera Calle Don José Maestro Martínez, 1. Estremera",Consultorio de Estremera,Consultorio,POINT (490638 4448165),CS11513
44,consultorio de fresnedillas de la oliva,Calle,Real,58,056,Fresnedillas de la Oliva,05600027,400794,4482514,https://www.comunidad.madrid/centros/consultorio-fresnedillas-oliva,Q2877026A,"Consultorio de Atención Primaria de Fresnedillas de la Oliva Calle Real, 58. Fresnedillas de la Oliva",Consultorio de Fresnedillas de la Oliva,Consultorio,POINT (400794 4482514),CS15740
45,consultorio de serracines,Cmno,Valdeavero,3,057,Fresno de Torote,05700148,466333,4496953,https://www.comunidad.madrid/centros/consultorio-serracines,Q2877025C,"Consultorio de Atención Primaria de Serracines Cmno Valdeavero, 3. Fresno de Torote",Consultorio de Serracines,Consultorio,POINT (466333 4496953),CS13587
46,consultorio de parque de miraflores,Urb,Parque Miraflores,63,058,Fuenlabrada,058A0373,428758,4462931,https://www.comunidad.madrid/centros/consultorio-parque-miraflores,Q2877027I,"Consultorio de Atención Primaria de Parque de Miraflores Urb Parque Miraflores, 63. Fuenlabrada",Consultorio de Parque de Miraflores,Consultorio,POINT (428758 4462931),CS13757
47,consultorio de fuente el saz de jarama,Calle,Almendralejos,11,059,Fuente el Saz de Jarama,05900167,456652,4498339,https://www.comunidad.madrid/centros/consultorio-fuente-saz-jarama,Q2877025C,"Consultorio de Atención Primaria de Fuente el Saz de Jarama Calle Almendralejos, 11. Fuente el Saz de Jarama",Consultorio de Fuente el Saz de Jarama,Consultorio,POINT (456652 4498339),CS9039
48,consultorio de fuentidueña de tajo,Calle,Boleo,9,060,Fuentidueña de Tajo,06000029,486034,4440870,https://www.comunidad.madrid/centros/consultorio-fuentiduena-tajo,Q2877031A,"Consultorio de Atención Primaria de Fuentidueña de Tajo Calle Boleo, 9. Fuentidueña de Tajo",Consultorio de Fuentidueña de Tajo,Consultorio,POINT (486034 4440870),CS10803
49,consultorio de garganta de los montes,Calle,San Isidro,5,062,Garganta de los Montes,06200025,442080,4530239,https://www.comunidad.madrid/centros/consultorio-garganta-montes,Q2877025C,"Consultorio de Atención Primaria de Garganta de los Montes Calle San Isidro, 5. Garganta de los Montes",Consultorio de Garganta de los Montes,Consultorio,POINT (442080 4530239),CS13375
50,consultorio de el cuadrón,Calle,Reina,19,062,Garganta de los Montes,06200079,444400,4532875,https://www.comunidad.madrid/centros/consultorio-cuadron,Q2877025C,"Consultorio de Atención Primaria de El Cuadrón Calle Reina, 19. Garganta de los Montes",Consultorio de El Cuadrón,Consultorio,POINT (444400 4532875),
51,consultorio de gargantilla del lozoya,Calle,Carretas,11,063,Gargantilla del Lozoya,06300081,439578,4535147,https://www.comunidad.madrid/centros/consultorio-gargantilla-lozoya,Q2877025C,"Consultorio de Atención Primaria de Gargantilla del Lozoya Calle Carretas, 11. Gargantilla del Lozoya",Consultorio de Gargantilla del Lozoya,Consultorio,POINT (439578 4535147),
52,consultorio de pinilla de buitrago,Plaza,Taberna,1,063,Gargantilla del Lozoya,06300166,441787,4536957,https://www.comunidad.madrid/centros/consultorio-pinilla-buitrago,Q2877025C,"Consultorio de Atención Primaria de Pinilla de Buitrago Plaza Taberna, 1. Gargantilla del Lozoya",Consultorio de Pinilla de Buitrago,Consultorio,POINT (441787 4536957),CS13376
53,consultorio de gascones,Calle,Despensa,7,064,Gascones,064A0009,445972,4541047,https://www.comunidad.madrid/centros/consultorio-gascones,Q2877025C,"Consultorio de Atención Primaria de Gascones Calle Despensa, 7. Gascones",Consultorio de Gascones,Consultorio,POINT (445972 4541047),CS13222
54,consultorio de guadalix de la sierra,Calle,Manzanares,17,067,Guadalix de la Sierra,06700247,441016,4514944,https://www.comunidad.madrid/centros/consultorio-guadalix-sierra,Q2877025C,"Consultorio de Atención Primaria de Guadalix de la Sierra Calle Manzanares, 17. Guadalix de la Sierra",Consultorio de Guadalix de la Sierra,Consultorio,POINT (441016 4514944),CS13710
55,consultorio de la hiruela,Calle,Herrería,1,069,La Hiruela,06900017,461736,4547505,https://www.comunidad.madrid/centros/consultorio-hiruela,Q2877025C,"Consultorio de Atención Primaria de La Hiruela Calle Herrería, 1. La Hiruela",Consultorio de La Hiruela,Consultorio,POINT (461736 4547505),CS13983
56,consultorio de aoslos,Calle,Real,164,070,Horcajo de la Sierra,07000008,449673,4544876,https://www.comunidad.madrid/centros/consultorio-aoslos,Q2877025C,"Consultorio de Atención Primaria de Aoslos Calle Real, 164. Horcajo de la Sierra",Consultorio de Aoslos,Consultorio,POINT (449673 4544876),CS9494
57,consultorio de horcajo de la sierra,Plaza,Pedro Uceda,1,070,Horcajo de la Sierra,07000086,450793,4546325,https://www.comunidad.madrid/centros/consultorio-horcajo-sierra,Q2877025C,"Consultorio de Atención Primaria de Horcajo de la Sierra Plaza Pedro Uceda, 1. Horcajo de la Sierra",Consultorio de Horcajo de la Sierra,Consultorio,POINT (450793 4546325),CS13255
58,consultorio de horcajuelo de la sierra,Calle,Comunidad de Madrid,3,071,Horcajuelo de la Sierra,07100017,454101,4545620,https://www.comunidad.madrid/centros/consultorio-horcajuelo-sierra,Q2877025C,"Consultorio de Atención Primaria de Horcajuelo de la Sierra Calle Comunidad de Madrid, 3. Horcajuelo de la Sierra",Consultorio de Horcajuelo de la Sierra,Consultorio,POINT (454101 4545620),CS13393
59,consultorio de hoyo de manzanares,Plaza,Cervantes,2,072,Hoyo de Manzanares,07210003,423100,4497183,https://www.comunidad.madrid/centros/consultorio-hoyo-manzanares,Q2877026A,"Consultorio de Atención Primaria de Hoyo de Manzanares Plaza Cervantes, 2. Hoyo de Manzanares",Consultorio de Hoyo de Manzanares,Consultorio,POINT (423100 4497183),CS7252
60,consultorio de campohermoso,Avda,España,104,073,Humanes de Madrid,07300520,430161,4456367,https://www.comunidad.madrid/centros/consultorio-campohermoso,Q2877027I,"Consultorio de Atención Primaria de Campohermoso Avda España, 104. Humanes de Madrid",Consultorio de Campohermoso,Consultorio,POINT (430161 4456367),CS11132
61,consultorio de loeches,Calle,Virgen de las Angustias,13,075,Loeches,075A0096,465118,4470299,https://www.comunidad.madrid/centros/consultorio-loeches,Q2877031A,"Consultorio de Atención Primaria de Loeches Calle Virgen de las Angustias, 13. Loeches",Consultorio de Loeches,Consultorio,POINT (465118 4470299),CS12770
62,consultorio de lozoya del valle,Calle,Duque,1,076,Lozoya,07600103,433238,4533679,https://www.comunidad.madrid/centros/consultorio-lozoya,Q2877025C,"Consultorio de Atención Primaria de Lozoya del Valle Calle Duque, 1. Lozoya",Consultorio de Lozoya del Valle,Consultorio,POINT (433238 4533679),CS13305
63,consultorio de madarcos,Plaza,Iglesia,1,078,Madarcos,07800008,451081,4544193,https://www.comunidad.madrid/centros/consultorio-madarcos,Q2877025C,"Consultorio de Atención Primaria de Madarcos Plaza Iglesia, 1. Madarcos",Consultorio de Madarcos,Consultorio,POINT (451081 4544193),CS12733
64,consultorio de mingorrubio,Calle,Fortaleza,4,079,Madrid,07907633,433944,4487226,https://www.comunidad.madrid/centros/consultorio-mingorrubio,Q2877025C,"Consultorio de Atención Primaria de Mingorrubio Calle Fortaleza, 4. Madrid",Consultorio de Mingorrubio,Consultorio,POINT (433944 4487226),CS12769
65,consultorio de antonio leyva,Calle,de Toledo,180,079,Madrid,07906039,439379,4472571,https://www.comunidad.madrid/centros/consultorio-antonio-leyva,,"Consultorio de Atención Primaria de Antonio Leyva Calle de Toledo, 180. Madrid",Consultorio de Antonio Leyva,Consultorio,POINT (439379 4472571),
66,consultorio de miraflores de la sierra,Plaza,Manuel Lorente,s/n,085,Miraflores de la Sierra,085A0123,435312,4518238,https://www.comunidad.madrid/centros/consultorio-miraflores-sierra,Q2877025C,"Consultorio de Atención Primaria de Miraflores de la Sierra Plaza Manuel Lorente, s/n. Miraflores de la Sierra",Consultorio de Miraflores de la Sierra,Consultorio,POINT (435312 4518238),CS15380
67,consultorio de los molinos,Calle,Dalias,s/n,087,Los Molinos,087A0058,409272,4507626,https://www.comunidad.madrid/centros/consultorio-molinos,Q2877026A,"Consultorio de Atención Primaria de Los Molinos Calle Dalias, s/n. Los Molinos",Consultorio de Los Molinos,Consultorio,POINT (409272 4507626),CS9317
68,consultorio de montejo de la sierra,Calle,Real,5,088,Montejo de la Sierra,08800006,455517,4545550,https://www.comunidad.madrid/centros/consultorio-montejo-sierra,Q2877025C,"Consultorio de Atención Primaria de Montejo de la Sierra Calle Real, 5. Montejo de la Sierra",Consultorio de Montejo de la Sierra,Consultorio,POINT (455517 4545550),CS12763
69,consultorio de moraleja de enmedio,Calle,Fuente,1,089,Moraleja de Enmedio,08900121,426885,4457083,https://www.comunidad.madrid/centros/consultorio-moraleja-enmedio,Q2877027I,"Consultorio de Atención Primaria de Moraleja de Enmedio Calle Fuente, 1. Moraleja de Enmedio",Consultorio de Moraleja de Enmedio,Consultorio,POINT (426885 4457083),CS13364
70,consultorio de moralzarzal,Avda,Salvador Sánchez Frascuelo,11,090,Moralzarzal,090A0200,418292,4503716,https://www.comunidad.madrid/centros/consultorio-moralzarzal,Q2877026A,"Consultorio de Atención Primaria de Moralzarzal Avda Salvador Sánchez Frascuelo, 11. Moralzarzal",Consultorio de Moralzarzal,Consultorio,POINT (418292 4503716),CS8716
71,consultorio de morata de tajuña,Calle,Clínica,2,091,Morata de Tajuña,091A0063,463091,4453385,https://www.comunidad.madrid/centros/consultorio-morata-tajuna,Q2877031A,"Consultorio de Atención Primaria de Morata de Tajuña Calle Clínica, 2. Morata de Tajuña",Consultorio de Morata de Tajuña,Consultorio,POINT (463091 4453385),CS9877
72,consultorio de navacerrada,Avda,Madrid,8,093,Navacerrada,093A0057,414199,4509156,https://www.comunidad.madrid/centros/consultorio-navacerrada,Q2877026A,"Consultorio de Atención Primaria de Navacerrada Avda Madrid, 8. Navacerrada",Consultorio de Navacerrada,Consultorio,POINT (414199 4509156),CS15145
73,consultorio de navalafuente,Calle,Iglesia,15,094,Navalafuente,09400052,443049,4519409,https://www.comunidad.madrid/centros/consultorio-navalafuente,Q2877025C,"Consultorio de Atención Primaria de Navalafuente Calle Iglesia, 15. Navalafuente",Consultorio de Navalafuente,Consultorio,POINT (443049 4519409),CS13283
74,consultorio de navalagamella,Calle,Miralcampo,8,095,Navalagamella,095A0048,404670,4480395,https://www.comunidad.madrid/centros/consultorio-navalagamella,Q2877026A,"Consultorio de Atención Primaria de Navalagamella Calle Miralcampo, 8. Navalagamella",Consultorio de Navalagamella,Consultorio,POINT (404670 4480395),CS7373
75,consultorio de navarredonda,Calle,Fuente Vieja,13,097,Navarredonda,09700041,439004,4537930,https://www.comunidad.madrid/centros/consultorio-navarredonda,Q2877025C,"Consultorio de Atención Primaria de Navarredonda Calle Fuente Vieja, 13. Navarredonda",Consultorio de Navarredonda,Consultorio,POINT (439004 4537930),
76,consultorio de san mamés,Trva,Solana,18,097,Navarredonda,09700080,440419,4538159,https://www.comunidad.madrid/centros/consultorio-san-mames,Q2877025C,"Consultorio de Atención Primaria de San Mamés Trva Solana, 18. Navarredonda",Consultorio de San Mamés,Consultorio,POINT (440419 4538159),CS13394
77,consultorio de nuevo baztán,Calle,Fábrica,8,100,Nuevo Baztán,100A0044,479229,4468268,https://www.comunidad.madrid/centros/consultorio-nuevo-baztan,Q2877031A,"Consultorio de Atención Primaria de Nuevo Baztán Calle Fábrica, 8. Nuevo Baztán",Consultorio de Nuevo Baztán,Consultorio,POINT (479229 4468268),CS13070
78,consultorio de olmeda de las fuentes,Calle,Pintor Álvaro Delgado,2,101,Olmeda de las Fuentes,10100061,481275,4468784,https://www.comunidad.madrid/centros/consultorio-olmeda-fuentes,Q2877031A,"Consultorio de Atención Primaria de Olmeda de las Fuentes Calle Pintor Álvaro Delgado, 2. Olmeda de las Fuentes",Consultorio de Olmeda de las Fuentes,Consultorio,POINT (481275 4468784),CS11599
79,consultorio de orusco de tajuña,Calle,Comunidad de Madrid,2,102,Orusco de Tajuña,10200147,482366,4459488,https://www.comunidad.madrid/centros/consultorio-orusco-tajuña,Q2877031A,"Consultorio de Atención Primaria de Orusco de Tajuña Calle Comunidad de Madrid, 2. Orusco de Tajuña",Consultorio de Orusco de Tajuña,Consultorio,POINT (482366 4459488),CS7976
80,consultorio de belvis de jarama,Calle,Mayor,6,104,Paracuellos del Jarama,10400034,453402,4490412,https://www.comunidad.madrid/centros/consultorio-belvis-jarama,Q2877025C,"Consultorio de Atención Primaria de Belvis de Jarama Calle Mayor, 6. Paracuellos del Jarama",Consultorio de Belvis de Jarama,Consultorio,POINT (453402 4490412),CS12650
81,consultorio de patones,Calle,Ingenieros Rafo y Rivera,1,107,Patones,107C0004,458961,4522434,https://www.comunidad.madrid/centros/consultorio-patones,Q2877025C,"Consultorio de Atención Primaria de Patones Calle Ingenieros Rafo y Rivera, 1. Patones",Consultorio de Patones,Consultorio,POINT (458961 4522434),CS8886
82,consultorio de pedrezuela,Calle,Eras,s/n,108,Pedrezuela,10800111,448851,4510462,https://www.comunidad.madrid/centros/consultorio-pedrezuela,Q2877025C,"Consultorio de Atención Primaria de Pedrezuela Calle Eras, s/n. Pedrezuela",Consultorio de Pedrezuela,Consultorio,POINT (448851 4510462),CS13714
83,consultorio de pelayos de la presa,Avda,Doctor Arquitecto García Benito,1,109,Pelayos de la Presa,10900417,387225,4468861,https://www.comunidad.madrid/centros/consultorio-pelayos-presa,Q2877018H,"Consultorio de Atención Primaria de Pelayos de la Presa Avda Doctor Arquitecto García Benito, 1. Pelayos de la Presa",Consultorio de Pelayos de la Presa,Consultorio,POINT (387225 4468861),CS9748
84,consultorio de pezuela de las torres,Plaza,Constitución,1,111,Pezuela de las Torres,111A0085,484945,4474240,https://www.comunidad.madrid/centros/consultorio-pezuela-torres,Q2877019F,"Consultorio de Atención Primaria de Pezuela de las Torres Plaza Constitución, 1. Pezuela de las Torres",Consultorio de Pezuela de las Torres,Consultorio,POINT (484945 4474240),CS9855
85,consultorio de pinilla del valle,Plaza,Gobernador,1,112,Pinilla del Valle,112A0020,431095,4530908,https://www.comunidad.madrid/centros/consultorio-pinilla-valle,Q2877025C,"Consultorio de Atención Primaria de Pinilla del Valle Plaza Gobernador, 1. Pinilla del Valle",Consultorio de Pinilla del Valle,Consultorio,POINT (431095 4530908),CS12764
86,consultorio de piñuecar,Calle,Carretera,21,114,Piñuecar-Gandullas,114A0014,449761,4542649,https://www.comunidad.madrid/centros/consultorio-pinuecar,Q2877025C,"Consultorio de Atención Primaria de Piñuecar Calle Carretera, 21. Piñuecar-Gandullas",Consultorio de Piñuecar,Consultorio,POINT (449761 4542649),CS12726
87,consultorio de gandullas,Plaza,Sierra,1,114,Piñuecar-Gandullas,114A0058,449384,4540368,https://www.comunidad.madrid/centros/consultorio-gandullas,Q2877025C,"Consultorio de Atención Primaria de Gandullas Plaza Sierra, 1. Piñuecar-Gandullas",Consultorio de Gandullas,Consultorio,POINT (449384 4540368),
88,consultorio de pozuelo del rey,Calle,Valparaíso,3,116,Pozuelo del Rey,116A0048,472658,4468424,https://www.comunidad.madrid/centros/consultorio-pozuelo-rey,Q2877031A,"Consultorio de Atención Primaria de Pozuelo del Rey Calle Valparaíso, 3. Pozuelo del Rey",Consultorio de Pozuelo del Rey,Consultorio,POINT (472658 4468424),CS11414
89,consultorio de prádena del rincón,Calle,Iglesia,14,117,Prádena del Rincón,11700019,454482,4543783,https://www.comunidad.madrid/centros/consultorio-pradena-rincon,Q2877025C,"Consultorio de Atención Primaria de Prádena del Rincón Calle Iglesia, 14. Prádena del Rincón",Consultorio de Prádena del Rincón,Consultorio,POINT (454482 4543783),CS12765
90,consultorio de puebla de la sierra,Calle,Placetilla,3,118,La Puebla de la Sierra,118A0021,462577,4540145,https://www.comunidad.madrid/centros/consultorio-puebla-sierra,Q2877025C,"Consultorio de Atención Primaria de Puebla de la Sierra Calle Placetilla, 3. La Puebla de la Sierra",Consultorio de Puebla de la Sierra,Consultorio,POINT (462577 4540145),CS12648
91,consultorio de quijorna,Calle,San Antonio,4,119,Quijorna,11900023,410361,4475620,https://www.comunidad.madrid/centros/consultorio-quijorna,Q2877026A,"Consultorio de Atención Primaria de Quijorna Calle San Antonio, 4. Quijorna",Consultorio de Quijorna,Consultorio,POINT (410361 4475620),CS7246
92,consultorio de oteruelo,Plaza,Paz,5,120,Rascafría,120A0066,428130,4529590,https://www.comunidad.madrid/centros/consultorio-oteruelo,Q2877025C,"Consultorio de Atención Primaria de Oteruelo Plaza Paz, 5. Rascafría",Consultorio de Oteruelo,Consultorio,POINT (428130 4529590),CS13295
93,consultorio de redueña,Calle,Palma,8,121,Redueña,121A0018,449253,4518558,https://www.comunidad.madrid/centros/consultorio-reduena,Q2877025C,"Consultorio de Atención Primaria de Redueña Calle Palma, 8. Redueña",Consultorio de Redueña,Consultorio,POINT (449253 4518558),CS13296
94,consultorio de ribatejada,Plaza,Constitución,9,122,Ribatejada,12200054,466790,4501832,https://www.comunidad.madrid/centros/consultorio-ribatejada,Q2877025C,"Consultorio de Atención Primaria de Ribatejada Plaza Constitución, 9. Ribatejada",Consultorio de Ribatejada,Consultorio,POINT (466790 4501832),CS9202
95,consultorio de robledillo de la jara,Calle,Peñas,6,124,Robledillo de la Jara,124A0023,455793,4533707,https://www.comunidad.madrid/centros/consultorio-robledillo-jara,Q2877025C,"Consultorio de Atención Primaria de Robledillo de la Jara Calle Peñas, 6. Robledillo de la Jara",Consultorio de Robledillo de la Jara,Consultorio,POINT (455793 4533707),CS13377
96,consultorio de robregordo,Calle,Eras,16,126,Robregordo,12600023,450067,4550776,https://www.comunidad.madrid/centros/consultorio-robregordo,Q2877025C,"Consultorio de Atención Primaria de Robregordo Calle Eras, 16. Robregordo",Consultorio de Robregordo,Consultorio,POINT (450067 4550776),CS9043
97,consultorio de la marazuela,Calle,Acanto,2,127,Las Rozas de Madrid,12703155,426945,4483376,https://www.comunidad.madrid/centros/consultorio-marazuela,,"Consultorio de Atención Primaria de La Marazuela Calle Acanto, 2. Las Rozas de Madrid",Consultorio de La Marazuela,Consultorio,POINT (426945 4483376),CS14619
98,consultorio de las matas,Paseo,Alemanes,31,127,Las Rozas de Madrid,12700007,424337,4489553,https://www.comunidad.madrid/centros/consultorio-matas,Q2877026A,"Consultorio de Atención Primaria de Las Matas Paseo Alemanes, 31. Las Rozas de Madrid",Consultorio de Las Matas,Consultorio,POINT (424337 4489553),CS7254
99,consultorio de rozas de puerto real,Calle,Antonio Machado,41,128,Las Rozas de Puerto Real,128A0005,373181,4463278,https://www.comunidad.madrid/centros/consultorio-rozas-puerto-real,Q2877018H,"Consultorio de Atención Primaria de Rozas de Puerto Real Calle Antonio Machado, 41. Las Rozas de Puerto Real",Consultorio de Rozas de Puerto Real,Consultorio,POINT (373181 4463278),CS9739
100,consultorio de san agustín de guadalix,Avda,Madrid,28,129,San Agustín de Guadalix,129A0060,448221,4503651,https://www.comunidad.madrid/centros/consultorio-san-agustin-guadalix,Q2877025C,"Consultorio de Atención Primaria de San Agustín de Guadalix Avda Madrid, 28. San Agustín de Guadalix",Consultorio de San Agustín de Guadalix,Consultorio,POINT (448221 4503651),CS14041
101,consultorio de navalespino,Calle,Calderón de la Barca,23,135,Santa María de la Alameda,135A0023,392909,4493890,https://www.comunidad.madrid/centros/consultorio-navalespino,Q2877026A,"Consultorio de Atención Primaria de Navalespino Calle Calderón de la Barca, 23. Santa María de la Alameda",Consultorio de Navalespino,Consultorio,POINT (392909 4493890),CS11482
102,consultorio de sta. maría de la alameda - estación,Calle,Buenavista,7,135,Santa María de la Alameda,135A0019,392952,4491713,https://www.comunidad.madrid/centros/consultorio-santa-maria-alameda-estacion,Q2877026A,"Consultorio de Atención Primaria de Sta. María de la Alameda - Estación Calle Buenavista, 7. Santa María de la Alameda",Consultorio de Sta. María de la Alameda - Estación,Consultorio,POINT (392952 4491713),
103,consultorio de robledondo,Calle,Practicante Olmeda,2,135,Santa María de la Alameda,135A0185,398002,4492486,https://www.comunidad.madrid/centros/consultorio-robledondo,Q2877026A,"Consultorio de Atención Primaria de Robledondo Calle Practicante Olmeda, 2. Santa María de la Alameda",Consultorio de Robledondo,Consultorio,POINT (398002 4492486),CS15742
104,consultorio de sta. maría de la alameda - pueblo,Avda,Rey Don Juan Carlos I,9,135,Santa María de la Alameda,135A0200,393462,4494586,https://www.comunidad.madrid/centros/consultorio-santa-ma-alameda-pueblo,Q2877026A,"Consultorio de Atención Primaria de Sta. María de la Alameda - Pueblo Avda Rey Don Juan Carlos I, 9. Santa María de la Alameda",Consultorio de Sta. María de la Alameda - Pueblo,Consultorio,POINT (393462 4494586),CS7366
105,consultorio de santorcaz,Plaza,Constitución,5,136,Santorcaz,13600036,480226,4480229,https://www.comunidad.madrid/centros/consultorio-santorcaz,Q2877019F,"Consultorio de Atención Primaria de Santorcaz Plaza Constitución, 5. Santorcaz",Consultorio de Santorcaz,Consultorio,POINT (480226 4480229),CS10479
106,consultorio de los santos de la humosa,Calle,Mayor,4,137,Los Santos de la Humosa,13700113,478207,4483498,https://www.comunidad.madrid/centros/consultorio-santos-humosa,Q2877019F,"Consultorio de Atención Primaria de Los Santos de la Humosa Calle Mayor, 4. Los Santos de la Humosa",Consultorio de Los Santos de la Humosa,Consultorio,POINT (478207 4483498),CS7527
107,consultorio de la serna del monte,Calle,Carlos Ruiz,19,138,La Serna del Monte,138A0010,447442,4542264,https://www.comunidad.madrid/centros/consultorio-serna-monte,Q2877025C,"Consultorio de Atención Primaria de La Serna del Monte Calle Carlos Ruiz, 19. La Serna del Monte",Consultorio de La Serna del Monte,Consultorio,POINT (447442 4542264),CS12727
108,consultorio de serranillos del valle,Calle,Moraleja de Enmedio,8,140,Serranillos del Valle,140A0057,425051,4450825,https://www.comunidad.madrid/centros/consultorio-serranillos-valle,Q2877020D,"Consultorio de Atención Primaria de Serranillos del Valle Calle Moraleja de Enmedio, 8. Serranillos del Valle",Consultorio de Serranillos del Valle,Consultorio,POINT (425051 4450825),CS13050
109,consultorio de sevilla la nueva,Calle,San Isidro,39,141,Sevilla la Nueva,14100119,413107,4466942,https://www.comunidad.madrid/centros/consultorio-sevilla-nueva,Q2877018H,Consultorio de Atención Primaria de Sevilla la Nueva Calle San Isidro 39 Sevilla la Nueva,Consultorio de Sevilla la Nueva,Consultorio,POINT (413107 4466942),
110,consultorio de somosierra,Ctra,Irún,1,143,Somosierra,14300017,451187,4553677,https://www.comunidad.madrid/centros/consultorio-somosierra,Q2877025C,"Consultorio de Atención Primaria de Somosierra Ctra Irún, 1. Somosierra",Consultorio de Somosierra,Consultorio,POINT (451187 4553677),CS13925
111,consultorio de talamanca de jarama,Avda,Alcalá,2,145,Talamanca de Jarama,14500005,456771,4510377,https://www.comunidad.madrid/centros/consultorio-talamanca,Q2877025C,"Consultorio de Atención Primaria de Talamanca de Jarama Avda Alcalá, 2. Talamanca de Jarama",Consultorio de Talamanca de Jarama,Consultorio,POINT (456771 4510377),CS9204
112,consultorio de tielmes,Calle,Real,37,146,Tielmes,14600116,472935,4454937,https://www.comunidad.madrid/centros/consultorio-tielmes,Q2877031A,"Consultorio de Atención Primaria de Tielmes Calle Real, 37. Tielmes",Consultorio de Tielmes,Consultorio,POINT (472935 4454937),CS11577
113,consultorio de titulcia,Calle,Grande,15,147,Titulcia,14700030,451309,4443091,https://www.comunidad.madrid/centros/consultorio-titulcia,Q2877021B,"Consultorio de Atención Primaria de Titulcia Calle Grande, 15. Titulcia",Consultorio de Titulcia,Consultorio,POINT (451309 4443091),CS8921
114,consultorio de torrejón de la calzada,Calle,Joaquín Fernández-Cuervo,19,149,Torrejón de la Calzada,14900137,432170,4450498,https://www.comunidad.madrid/centros/consultorio-torrejon-calzada,Q2877020D,"Consultorio de Atención Primaria de Torrejón de la Calzada Calle Joaquín Fernández-Cuervo, 19. Torrejón de la Calzada",Consultorio de Torrejón de la Calzada,Consultorio,POINT (432170 4450498),CS13085
115,consultorio de torrejón de velasco,Trva,Hospital,5,150,Torrejón de Velasco,150A0036,433575,4448827,https://www.comunidad.madrid/centros/consultorio-torrejon-velasco,Q2877020D,"Consultorio de Atención Primaria de Torrejón de Velasco Trva Hospital, 5. Torrejón de Velasco",Consultorio de Torrejón de Velasco,Consultorio,POINT (433575 4448827),CS13132
116,consultorio de torremocha de jarama,Calle,Canal de Isabel II,20,153,Torremocha de Jarama,15300038,458065,4520717,https://www.comunidad.madrid/centros/consultorio-torremocha,Q2877025C,"Consultorio de Atención Primaria de Torremocha de Jarama Calle Canal de Isabel II, 20. Torremocha de Jarama",Consultorio de Torremocha de Jarama,Consultorio,POINT (458065 4520717),CS13853
117,consultorio de valdaracete,Ctra,M-222 (Aranjuez-Brea),5,155,Valdaracete,155A0025,483674,4451004,https://www.comunidad.madrid/centros/consultorio-valdaracete,Q2877031A,"Consultorio de Atención Primaria de Valdaracete Ctra M-222 (Aranjuez-Brea), 5. Valdaracete",Consultorio de Valdaracete,Consultorio,POINT (483674 4451004),CS9305
118,consultorio de valdeavero,Calle,Castilla-La Mancha,2,156,Valdeavero,15600132,471531,4498572,https://www.comunidad.madrid/centros/consultorio-valdeavero,Q2877019F,"Consultorio de Atención Primaria de Valdeavero Calle Castilla-La Mancha, 2. Valdeavero",Consultorio de Valdeavero,Consultorio,POINT (471531 4498572),CS9927
119,consultorio de valdelaguna,Calle,José Antonio,12,157,Valdelaguna,15700035,468419,4445658,https://www.comunidad.madrid/centros/consultorio-valdelaguna,Q2877021B,"Consultorio de Atención Primaria de Valdelaguna Calle José Antonio, 12. Valdelaguna",Consultorio de Valdelaguna,Consultorio,POINT (468419 4445658),CS8447
120,consultorio de valdemanco,Calle,Eras,16,158,Valdemanco,158A0017,444281,4524725,https://www.comunidad.madrid/centros/consultorio-valdemanco,Q2877025C,"Consultorio de Atención Primaria de Valdemanco Calle Eras, 16. Valdemanco",Consultorio de Valdemanco,Consultorio,POINT (444281 4524725),CS12471
121,consultorio de valdemaqueda,Trva,Dos de Mayo,37,159,Valdemaqueda,15900160,389996,4485347,https://www.comunidad.madrid/centros/consultorio-valdemaqueda,Q2877026A,"Consultorio de Atención Primaria de Valdemaqueda Trva Dos de Mayo, 37. Valdemaqueda",Consultorio de Valdemaqueda,Consultorio,POINT (389996 4485347),CS7374
122,consultorio de valdemorillo,Calle,La Paz,51,160,Valdemorillo,16000327,409687,4483918,https://www.comunidad.madrid/centros/consultorio-valdemorillo,Q2877026A,"Consultorio de Atención Primaria de Valdemorillo Calle La Paz, 51. Valdemorillo",Consultorio de Valdemorillo,Consultorio,POINT (409687 4483918),CS7250
123,consultorio de alalpardo,Calle,Carlos Martín Álvarez,2,162,Valdeolmos,16200089,459789,4497648,https://www.comunidad.madrid/centros/consultorio-alalpardo,Q2877025C,"Consultorio de Atención Primaria de Alalpardo Calle Carlos Martín Álvarez, 2. Valdeolmos",Consultorio de Alalpardo,Consultorio,POINT (459789 4497648),CS9208
124,consultorio de valdeolmos,Calle,Fuente,3,162,Valdeolmos,16200154,461655,4498679,https://www.comunidad.madrid/centros/consultorio-valdeolmos,Q2877025C,"Consultorio de Atención Primaria de Valdeolmos Calle Fuente, 3. Valdeolmos",Consultorio de Valdeolmos,Consultorio,POINT (461655 4498679),CS9014
125,consultorio de valdepiélagos,Ctra,Cubillo,2,163,Valdepiélagos,16300055,460870,4512453,https://www.comunidad.madrid/centros/consultorio-valdepielagos,Q2877025C,"Consultorio de Atención Primaria de Valdepiélagos Ctra Cubillo, 2. Valdepiélagos",Consultorio de Valdepiélagos,Consultorio,POINT (460870 4512453),CS9203
126,consultorio de valdetorres de jarama,Plaza,Rodeo,1,164,Valdetorres de Jarama,164A0075,456409,4505351,https://www.comunidad.madrid/centros/consultorio-valdetorres-jarama,Q2877025C,"Consultorio de Atención Primaria de Valdetorres de Jarama Plaza Rodeo, 1. Valdetorres de Jarama",Consultorio de Valdetorres de Jarama,Consultorio,POINT (456409 4505351),CS13708
127,consultorio de valdilecha,Calle,Mayor,13,165,Valdilecha,165A0049,474281,4460526,https://www.comunidad.madrid/centros/consultorio-valdilecha,Q2877031A,"Consultorio de Atención Primaria de Valdilecha Calle Mayor, 13. Valdilecha",Consultorio de Valdilecha,Consultorio,POINT (474281 4460526),CS13713
128,consultorio de valverde de alcalá,Calle,San Roque,5,166,Valverde de Alcalá,166A0025,474538,4474225,https://www.comunidad.madrid/centros/consultorio-valverde-alcala,Q2877019F,"Consultorio de Atención Primaria de Valverde de Alcalá Calle San Roque, 5. Valverde de Alcalá",Consultorio de Valverde de Alcalá,Consultorio,POINT (474538 4474225),CS16638
129,consultorio de velilla de san antonio,Avda,Ilustración,35,167,Velilla de San Antonio,167A0045,459031,4469066,https://www.comunidad.madrid/centros/consultorio-velilla-san-antonio,Q2877030C,"Consultorio de Atención Primaria de Velilla de San Antonio Avda Ilustración, 35. Velilla de San Antonio",Consultorio de Velilla de San Antonio,Consultorio,POINT (459031 4469066),CS8854
130,consultorio de el espartal,Calle,Paloma (El Espartal),14,168,El Vellón,16800114,454937,4513288,https://www.comunidad.madrid/centros/consultorio-espartal,Q2877025C,"Consultorio de Atención Primaria de El Espartal Calle Paloma (El Espartal), 14. El Vellón",Consultorio de El Espartal,Consultorio,POINT (454937 4513288),CS12728
131,consultorio de el vellón,Calle,Picota,50,168,El Vellón,16800120,450812,4513184,https://www.comunidad.madrid/centros/consultorio-vellon,Q2877025C,"Consultorio de Atención Primaria de El Vellón Calle Picota, 50. El Vellón",Consultorio de El Vellón,Consultorio,POINT (450812 4513184),CS16578
132,consultorio de cotos de monterrey,Calle,Puerto de Despeñaperros,1,169,Venturada,16900058,449390,4515881,https://www.comunidad.madrid/centros/consultorio-cotos-monterrey,Q2877025C,"Consultorio de Atención Primaria de Cotos de Monterrey Calle Puerto de Despeñaperros, 1. Venturada",Consultorio de Cotos de Monterrey,Consultorio,POINT (449390 4515881),CS13711
133,consultorio de venturada,Calle,Venta,22,169,Venturada,16900156,447647,4516625,https://www.comunidad.madrid/centros/consultorio-venturada,Q2877025C,"Consultorio de Atención Primaria de Venturada Calle Venta, 22. Venturada",Consultorio de Venturada,Consultorio,POINT (447647 4516625),CS13711
134,consultorio de villaconejos,Calle,Huertos,17,170,Villaconejos,170A0041,458655,4439493,https://www.comunidad.madrid/centros/consultorio-villaconejos,Q2877021B,"Consultorio de Atención Primaria de Villaconejos Calle Huertos, 17. Villaconejos",Consultorio de Villaconejos,Consultorio,POINT (458655 4439493),CS0565
135,consultorio de los hueros,Calle,Mayor,28,172,Villalbilla,17200137,470184,4477082,https://www.comunidad.madrid/centros/consultorio-hueros,Q2877019F,"Consultorio de Atención Primaria de Los Hueros Calle Mayor, 28. Villalbilla",Consultorio de Los Hueros,Consultorio,POINT (470184 4477082),
136,consultorio de villalbilla,Calle,Escuelas,6,172,Villalbilla,17200215,474572,4475928,https://www.comunidad.madrid/centros/consultorio-villalbilla,Q2877019F,"Consultorio de Atención Primaria de Villalbilla Calle Escuelas, 6. Villalbilla",Consultorio de Villalbilla,Consultorio,POINT (474572 4475928),CS19788
137,consultorio de zulema,Avda,Madrid,1,172,Villalbilla,172A0035,468120,4477673,https://www.comunidad.madrid/centros/consultorio-zulema,Q2877019F,"Consultorio de Atención Primaria de Zulema Avda Madrid, 1. Villalbilla",Consultorio de Zulema,Consultorio,POINT (468120 4477673),CS9860
138,consultorio de villamanrique de tajo,Calle,Carlos Ruiz,3,173,Villamanrique de Tajo,17300115,479626,4435469,https://www.comunidad.madrid/centros/consultorio-villamanrique-tajo,Q2877031A,"Consultorio de Atención Primaria de Villamanrique de Tajo Calle Carlos Ruiz, 3. Villamanrique de Tajo",Consultorio de Villamanrique de Tajo,Consultorio,POINT (479626 4435469),CS11506
139,consultorio de villamanta,Avda,Libertad,21,174,Villamanta,174A0030,405787,4461438,https://www.comunidad.madrid/centros/consultorio-villamanta,Q2877018H,"Consultorio de Atención Primaria de Villamanta Avda Libertad, 21. Villamanta",Consultorio de Villamanta,Consultorio,POINT (405787 4461438),CS9687
140,consultorio de villamantilla,Calle,General Yagüe,7,175,Villamantilla,175A0034,404009,4465852,https://www.comunidad.madrid/centros/consultorio-villamantilla,Q2877018H,"Consultorio de Atención Primaria de Villamantilla Calle General Yagüe, 7. Villamantilla",Consultorio de Villamantilla,Consultorio,POINT (404009 4465852),CS9711
141,consultorio de villafranca del castillo,Calle,Valle de Baztán,4,176,Villanueva de la Cañada,17600655,419677,4479871,https://www.comunidad.madrid/centros/consultorio-villafranca-castillo,Q2877026A,"Consultorio de Atención Primaria de Villafranca del Castillo Calle Valle de Baztán, 4. Villanueva de la Cañada",Consultorio de Villafranca del Castillo,Consultorio,POINT (419677 4479871),CS7256
142,consultorio de villanueva del pardillo,Calle,Río Tajuña,2,177,Villanueva del Pardillo,177A0084,418205,4483383,https://www.comunidad.madrid/centros/consultorio-villanueva-pardillo,Q2877026A,"Consultorio de Atención Primaria de Villanueva del Pardillo Calle Río Tajuña, 2. Villanueva del Pardillo",Consultorio de Villanueva del Pardillo,Consultorio,POINT (418205 4483383),CS7249
143,consultorio de villanueva de perales,Calle,Carretas,16,178,Villanueva de Perales,178A0002,406307,4466776,https://www.comunidad.madrid/centros/consultorio-villanueva-perales,Q2877018H,"Consultorio de Atención Primaria de Villanueva de Perales Calle Carretas, 16. Villanueva de Perales",Consultorio de Villanueva de Perales,Consultorio,POINT (406307 4466776),CS9863
144,consultorio de villar del olmo,Calle,Real,46,179,Villar del Olmo,179A0041,480036,4464938,https://www.comunidad.madrid/centros/consultorio-villar-olmo,Q2877031A,"Consultorio de Atención Primaria de Villar del Olmo Calle Real, 46. Villar del Olmo",Consultorio de Villar del Olmo,Consultorio,POINT (480036 4464938),CS11438
145,consultorio de villavieja del lozoya,Ctra,Sierra,49,182,Villavieja de Lozoya,18200041,443405,4539718,https://www.comunidad.madrid/centros/consultorio-villavieja-lozoya,Q2877025C,"Consultorio de Atención Primaria de Villavieja del Lozoya Ctra Sierra, 49. Villavieja de Lozoya",Consultorio de Villavieja del Lozoya,Consultorio,POINT (443405 4539718),CS12678
146,consultorio de zarzalejo estación,Avda,Estación,48,183,Zarzalejo,183A0038,401526,4488315,https://www.comunidad.madrid/centros/consultorio-zarzalejo-estacion,Q2877026A,"Consultorio de Atención Primaria de Zarzalejo Estación Avda Estación, 48. Zarzalejo",Consultorio de Zarzalejo Estación,Consultorio,POINT (401526 4488315),CS12672
147,consultorio de zarzalejo pueblo,Calle,Felipe Preciado,25,183,Zarzalejo,183C0002,400146,4489212,https://www.comunidad.madrid/centros/consultorio-zarzalejo-pueblo,Q2877026A,"Consultorio de Atención Primaria de Zarzalejo Pueblo Calle Felipe Preciado, 25. Zarzalejo",Consultorio de Zarzalejo Pueblo,Consultorio,POINT (400146 4489212),CS10915
148,consultorio de lozoyuela,Avda,Madrid,40,901,Lozoyuela-Navas-Sieteiglesias,90100001,448110,4530549,http://www.comunidad.madrid/centros/consultorio-lozoyuela,Q2877025C,"Consultorio de Atención Primaria de Lozoyuela Avda Madrid, 40. Lozoyuela-Navas-Sieteiglesias",Consultorio de Lozoyuela,Consultorio,POINT (448110 4530549),CS12644
149,consultorio de sieteiglesias,Calle,Real,31,901,Lozoyuela-Navas-Sieteiglesias,90100115,450530,4529223,https://www.comunidad.madrid/centros/consultorio-sieteiglesias,Q2877025C,"Consultorio de Atención Primaria de Sieteiglesias Calle Real, 31. Lozoyuela-Navas-Sieteiglesias",Consultorio de Sieteiglesias,Consultorio,POINT (450530 4529223),
150,consultorio de navas de buitrago,Plaza,Constitución (Navas),1,901,Lozoyuela-Navas-Sieteiglesias,90100069,449632,4531718,https://www.comunidad.madrid/centros/consultorio-navas-buitrago,Q2877025C,"Consultorio de Atención Primaria de Navas de Buitrago Plaza Constitución (Navas), 1. Lozoyuela-Navas-Sieteiglesias",Consultorio de Navas de Buitrago,Consultorio,POINT (449632 4531718),CS12644
151,consultorio de serrada de la fuente,Calle,Castillo,6,902,Puentes Viejas,902A0014,454908,4537684,https://www.comunidad.madrid/centros/consultorio-serrada-fuente,Q2877025C,"Consultorio de Atención Primaria de Serrada de la Fuente Calle Castillo, 6. Puentes Viejas",Consultorio de Serrada de la Fuente,Consultorio,POINT (454908 4537684),
152,consultorio de cinco villas,Calle,Iglesia (Cinco Villas),2,902,Puentes Viejas,902A0048,448472,4534257,https://www.comunidad.madrid/centros/consultorio-cincovillas,Q2877025C,"Consultorio de Atención Primaria de Cinco Villas Calle Iglesia (Cinco Villas), 2. Puentes Viejas",Consultorio de Cinco Villas,Consultorio,POINT (448472 4534257),CS13404
153,consultorio de paredes de buitrago,Calle,Fuente (Paredes de Buitrago),12,902,Puentes Viejas,902A0044,452866,4539510,https://www.comunidad.madrid/centros/consultorio-paredes-buitrago,Q2877025C,"Consultorio de Atención Primaria de Paredes de Buitrago Calle Fuente (Paredes de Buitrago), 12. Puentes Viejas",Consultorio de Paredes de Buitrago,Consultorio,POINT (452866 4539510),CS12766
154,consultorio de manjirón,Avda,Villar,34,902,Puentes Viejas,902A0106,450795,4534984,https://www.comunidad.madrid/centros/consultorio-manjiron,Q2877025C,"Consultorio de Atención Primaria de Manjirón Avda Villar, 34. Puentes Viejas",Consultorio de Manjirón,Consultorio,POINT (450795 4534984),CS12730
155,consultorio de doctor aguilar,Calle,San Isidro,5,050,Cubas de la Sagra,05000142,428573,4448847,https://www.comunidad.madrid/centros/consultorio-doctor-aguilar-cubas-sagra,,"Consultorio de Atención Primaria de Doctor Aguilar Calle San Isidro, 5. Cubas de la Sagra",Consultorio de Doctor Aguilar,Consultorio,POINT (428573 4448847),
