DESCR,BUSCA,ETIQUETA,TIPOVIAL,NOMVIA,NUMERO,CMUN,UTM_X,UTM_Y,COD_VIAL,CODZBS,CODDISTR,CODAREA,TIPOCENTRO,URL,TIPON,MUNICIPIO,geometry
C.S. Carmen Calzado,"Centro de Salud Carmen Calzado Calle Carmen Calzado, 14. Alcalá de Henares",Centro de Salud Carmen Calzado,Calle,Carmen Calzado,14,005,468979,4481282,005A0150,030101,0301,03,CS,https://www.comunidad.madrid/centros/centro-salud-carmen-calzado,Centro de Salud,Alcalá de Henares,POINT (468979 4481282)
C.S. Juan de Austria,"Centro de Salud Juan de Austria Avenida Juan de Austria, 19. Alcalá de Henares",Centro de Salud Juan de Austria,Avenida,Juan de Austria,19,005,470297,4481952,005A0370,030107,0301,03,CS,https://www.comunidad.madrid/centros/centro-salud-juan-austria,Centro de Salud,Alcalá de Henares,POINT (470297 4481952)
C.S. La Garena,"Centro de Salud La Garena Calle Arturo Soria, 12. Alcalá de Henares",Centro de Salud La Garena,Calle,Arturo Soria,12,005,466617,4481245,00500730,030109,0301,03,CS,https://www.comunidad.madrid/centros/centro-salud-garena,Centro de Salud,Alcalá de Henares,POINT (466617 4481245)
C.S. Luis Vives,"Centro de Salud Luis Vives Calle Luis Vives, 16. Alcalá de Henares",Centro de Salud Luis Vives,Calle,Luis Vives,16,005,468796,4480551,005A0424,030104,0301,03,CS,https://www.comunidad.madrid/centros/centro-salud-luis-vives,Centro de Salud,Alcalá de Henares,POINT (468796 4480551)
C.S. Manuel Merino,"Centro de Salud Manuel Merino Calle Manuel Merino, 1. Alcalá de Henares",Centro de Salud Manuel Merino,Calle,Manuel Merino,1,005,469712,4481336,005A0441,030105,0301,03,CS,https://www.comunidad.madrid/centros/centro-salud-manuel-merino,Centro de Salud,Alcalá de Henares,POINT (469712 4481336)
C.S. María de Guzmán,"Centro de Salud María de Guzmán Calle Juan de Borgoña, 1. Alcalá de Henares",Centro de Salud María de Guzmán,Calle,Juan de Borgoña,1,005,469685,4482126,005A0371,030108,0301,03,CS,https://www.comunidad.madrid/centros/centro-salud-maria-guzman,Centro de Salud,Alcalá de Henares,POINT (469685 4482126)
C.S. Miguel de Cervantes/Espartales,"Centro de Salud Miguel de Cervantes/Espartales Avda. Gustavo Adolfo Becquer, 23. Alcalá de Henares",Centro de Salud Miguel de Cervantes/Espartales,Avda.,Gustavo Adolfo Becquer,23,005,468549,4484487,00592913,030109,0301,03,CS,https://www.comunidad.madrid/centros/centro-salud-miguel-cervantesespartales,Centro de Salud,Alcalá de Henares,POINT (468549 4484487)
C.S. Nuestra Señora del Pilar,"Centro de Salud Nuestra Señora del Pilar Calle Ntra. Sra. del Pilar, 12. Alcalá de Henares",Centro de Salud Nuestra Señora del Pilar,Calle,Ntra. Sra. del Pilar,12,005,468034,4480296,005A0501,030103,0301,03,CS,https://www.comunidad.madrid/centros/centro-salud-senora-pilar,Centro de Salud,Alcalá de Henares,POINT (468034 4480296)
C.S. Puerta de Madrid,"Centro de Salud Puerta de Madrid Avenida del Ejército, 61. Alcalá de Henares",Centro de Salud Puerta de Madrid,Avenida,del Ejército,61,005,467825,4480972,005A0232,030102,0301,03,CS,https://www.comunidad.madrid/centros/centro-salud-puerta-madrid,Centro de Salud,Alcalá de Henares,POINT (467825 4480972)
C.S. Reyes Magos,"Centro de Salud Reyes Magos Avenida de los Reyes Magos, 12. Alcalá de Henares",Centro de Salud Reyes Magos,Avenida,de los Reyes Magos,12,005,468053,4482500,005A0596,030109,0301,03,CS,https://www.comunidad.madrid/centros/centro-salud-reyes-magos,Centro de Salud,Alcalá de Henares,POINT (468053 4482500)
C.S. Arroyo de la Vega,"Centro de Salud Arroyo de la Vega Bulevar de Salvador Allende, 22. Alcobendas",Centro de Salud Arroyo de la Vega,Bulevar,de Salvador Allende,22,006,446538,4487661,00610017,,0801,08,CS,https://www.comunidad.madrid/centros/centro-salud-arroyo-vega,Centro de Salud,Alcobendas,POINT (446538 4487661)
C.S. La Chopera,"Centro de Salud La Chopera Paseo Chopera, 48. Alcobendas",Centro de Salud La Chopera,Paseo,Chopera,48,006,445793,4487984,006A0070,050101,0501,05,CS,https://www.comunidad.madrid/centros/centro-salud-chopera,Centro de Salud,Alcobendas,POINT (445793 4487984)
C.S. Marqués de la Valdavia,"Centro de Salud Marqués de la Valdavia Paseo Chopera, 100. Alcobendas",Centro de Salud Marqués de la Valdavia,Paseo,Chopera,100,006,445304,4488407,006A0070,050103,0501,05,CS,https://www.comunidad.madrid/centros/centro-salud-marques-valdavia,Centro de Salud,Alcobendas,POINT (445304 4488407)
C.S. Miraflores,"Centro de Salud Miraflores Avenida de España, 50. Alcobendas",Centro de Salud Miraflores,Avenida,de España,50,006,446044,4488750,006A0106,050102,0501,05,CS,https://www.comunidad.madrid/centros/centro-salud-miraflores,Centro de Salud,Alcobendas,POINT (446044 4488750)
C.S. Valdelasfuentes,"Centro de Salud Valdelasfuentes Calle Dolores Ibárruri, 4. Alcobendas",Centro de Salud Valdelasfuentes,Calle,Dolores Ibárruri,4,006,444894,4489060,006E0044,050103,0501,05,CS,https://www.comunidad.madrid/centros/centro-salud-valdelasfuentes,Centro de Salud,Alcobendas,POINT (444894 4489060)
C.S. Doctor Pedro Laín Entralgo,"Centro de Salud Dr. Pedro Laín Entralgo Avenida Libertad, 2. Alcorcón",Centro de Salud Dr. Pedro Laín Entralgo,Avenida,Libertad,2,007,431104,4466407,00702477,080204,0802,08,CS,https://www.comunidad.madrid/centros/centro-salud-doctor-pedro-lain-entralgo,Centro de Salud,Alcorcón,POINT (431104 4466407)
C.S. Doctor Trueta,"Centro de Salud Dr. Trueta Plaza de las Fraguas, 8. Alcorcón",Centro de Salud Dr. Trueta,Plaza,de las Fraguas,8,007,429591,4466733,00702368,080204,0802,08,CS,https://www.comunidad.madrid/centros/centro-salud-doctor-trueta,Centro de Salud,Alcorcón,POINT (429591 4466733)
C.S. Gregorio Marañón,"Centro de Salud Gregorio Marañón Calle Escolares, 1. Alcorcón",Centro de Salud Gregorio Marañón,Calle,Escolares,1,007,430284,4466083,00702682,080205,0802,08,CS,https://www.comunidad.madrid/centros/centro-salud-gregorio-maranon,Centro de Salud,Alcorcón,POINT (430284 4466083)
C.S. La Rivota,"Centro de Salud La Rivota Calle Las Palmeras, 0. Alcorcón",Centro de Salud La Rivota,Calle,Las Palmeras,0,007,429150,4465917,00702557,080208,0802,08,CS,https://www.comunidad.madrid/centros/centro-salud-rivota,Centro de Salud,Alcorcón,POINT (429150 4465917)
C.S. Los Castillos,"Centro de Salud Los Castillos Calle Carballino, 25. Alcorcón",Centro de Salud Los Castillos,Calle,Carballino,25,007,431313,4467055,00700031,080203,0802,08,CS,https://www.comunidad.madrid/centros/centro-salud-castillos,Centro de Salud,Alcorcón,POINT (431313 4467055)
C.S. Miguel Servet,"Centro de Salud Miguel Servet Calle Don Benito, 2. Alcorcón",Centro de Salud Miguel Servet,Calle,Don Benito,2,007,429188,4466669,00702651,080201,0802,08,CS,https://www.comunidad.madrid/centros/centro-salud-miguel-servet,Centro de Salud,Alcorcón,POINT (429188 4466669)
C.S. Ramón y Cajal,"Centro de Salud Ramón y Cajal Calle Jabonería, 67. Alcorcón",Centro de Salud Ramón y Cajal,Calle,Jabonería,67,007,430174,4466894,00700087,080202,0802,08,CS,https://www.comunidad.madrid/centros/centro-salud-ramon-cajal,Centro de Salud,Alcorcón,POINT (430174 4466894)
C.S. Algete,"Centro de Salud Algete Calle Valdeamor, 0. Algete",Centro de Salud Algete,Calle,Valdeamor,0,009,457453,4494219,00900558,050109,0501,05,CS,https://www.comunidad.madrid/centros/centro-salud-algete,Centro de Salud,Algete,POINT (457453 4494219)
C.S. Aranjuez,"Centro de Salud Aranjuez Calle Abastos, 0. Aranjuez",Centro de Salud Aranjuez,Calle,Abastos,0,013,448903,4431460,013A0001,110104,1101,11,CS,https://www.comunidad.madrid/centros/centro-salud-aranjuez,Centro de Salud,Aranjuez,POINT (448903 4431460)
C.S. Las Olivas,"Centro de Salud Las Olivas Paseo Deleite, 30. Aranjuez",Centro de Salud Las Olivas,Paseo,Deleite,30,013,447708,4430802,013A0069,110105,1101,11,CS,https://www.comunidad.madrid/centros/centro-salud-olivas,Centro de Salud,Aranjuez,POINT (447708 4430802)
C.S. Arganda - Felicidad,"Centro de Salud Arganda - Felicidad Calle Felicidad, 2. Arganda del Rey",Centro de Salud Arganda - Felicidad,Calle,Felicidad,2,014,462142,4462338,014C0048,010104,0101,01,CS,https://www.comunidad.madrid/centros/centro-salud-arganda-felicidad,Centro de Salud,Arganda del Rey,POINT (462142 4462338)
C.S. Arganda del Rey,"Centro de Salud Arganda del Rey Camino del Molino, 0. Arganda del Rey",Centro de Salud Arganda del Rey,Camino,del Molino,0,014,463231,4460752,014A0253,010104,0101,01,CS,https://www.comunidad.madrid/centros/centro-salud-arganda-rey,Centro de Salud,Arganda del Rey,POINT (463231 4460752)
C.S. Condes de Barcelona,"Centro de Salud Condes de Barcelona Calle Ronda, 10. Boadilla del Monte",Centro de Salud Condes de Barcelona,Calle,Ronda,10,022,425045,4472973,022A0224,060101,0601,06,CS,https://www.comunidad.madrid/centros/centro-salud-condes-barcelona,Centro de Salud,Boadilla del Monte,POINT (425045 4472973)
C.S. Buitrago de Lozoya,"Centro de Salud Buitrago de Lozoya Paseo del Río Lozoya, 10. Buitrago del Lozoya",Centro de Salud Buitrago de Lozoya,Paseo,del Río Lozoya,10,027,446523,4538179,027A0084,050114,0501,05,CS,https://www.comunidad.madrid/centros/centro-salud-buitrago-lozoya,Centro de Salud,Buitrago del Lozoya,POINT (446523 4538179)
C.S. Cadalso de los Vidrios,"Centro de Salud Cadalso de los Vidrios Calle Doctor Menéndez, 5. Cadalso de los Vidrios",Centro de Salud Cadalso de los Vidrios,Calle,Doctor Menéndez,5,031,377838,4462096,03100141,080301,0803,08,CS,https://www.comunidad.madrid/centros/centro-salud-cadalso-vidrios,Centro de Salud,Cadalso de los Vidrios,POINT (377838 4462096)
C.S. Campo Real,"Centro de Salud Campo Real Calle de las Escuelas, 1. Campo Real",Centro de Salud Campo Real,Calle,de las Escuelas,1,033,467658,4465321,03300329,010103,0101,01,CS,https://www.comunidad.madrid/centros/centro-salud-campo-real,Centro de Salud,Campo Real,POINT (467658 4465321)
C.S. Cercedilla,"Centro de Salud Cercedilla Avenida de los Toreros, 7. Cercedilla",Centro de Salud Cercedilla,Avenida,de los Toreros,7,038,411274,4510558,03800138,060206,0602,06,CS,https://www.comunidad.madrid/centros/centro-salud-cercedilla,Centro de Salud,Cercedilla,POINT (411274 4510558)
C.S. Ciempozuelos,"Centro de Salud Ciempozuelos Calle Padre Benito Menni, 0. Ciempozuelos",Centro de Salud Ciempozuelos,Calle,Padre Benito Menni,0,040,447560,4445544,040A0118,110102,1101,11,CS,https://www.comunidad.madrid/centros/centro-salud-ciempozuelos,Centro de Salud,Ciempozuelos,POINT (447560 4445544)
C.S. Collado Villalba Estación,"Centro de Salud Collado Villalba (Estación) Calle Madroños, 5. Collado Villalba",Centro de Salud Collado Villalba (Estación),Calle,Madroños,5,047,415293,4497786,04701846,060204,0602,06,CS,https://www.comunidad.madrid/centros/centro-salud-collado-villalba-estacion,Centro de Salud,Collado Villalba,POINT (415293 4497786)
C.S. Collado Villalba Pueblo,"Centro de Salud Collado Villalba (Pueblo) Calle Fuente del Alamo, 10. Collado Villalba",Centro de Salud Collado Villalba (Pueblo),Calle,Fuente del Alamo,10,047,415919,4499715,047A0121,060204,0602,06,CS,https://www.comunidad.madrid/centros/centro-salud-collado-villalba-pueblo,Centro de Salud,Collado Villalba,POINT (415919 4499715)
C.S. Sierra de Guadarrama (El Gorronal),"Centro de Salud Sierra de Guadarrama (El Gorronal) Calle Ignacio González Serrano, 27. Collado Vill",Centro de Salud Sierra de Guadarrama (El Gorronal),Calle,Ignacio González Serrano,27,047,414420,4497839,047A0144,060204,0602,06,CS,https://www.comunidad.madrid/centros/centro-salud-sierra-guadarrama-gorronal,Centro de Salud,Collado Villalba,POINT (414420 4497839)
C.S. Colmenar de Oreja,"Centro de Salud Colmenar de Oreja Calle Alegas, 2. Colmenar de Oreja",Centro de Salud Colmenar de Oreja,Calle,Alegas,2,043,466624,4440524,043A0007,110103,1101,11,CS,https://www.comunidad.madrid/centros/centro-salud-colmenar-oreja,Centro de Salud,Colmenar de Oreja,POINT (466624 4440524)
C.S. Colmenar Viejo Norte,"Centro de Salud Colmenar Viejo Norte Plaza de los Ríos, 1. Colmenar Viejo",Centro de Salud Colmenar Viejo Norte,Plaza,de los Ríos,1,045,434568,4501664,045A0417,050201,0502,05,CS,https://www.comunidad.madrid/centros/centro-salud-colmenar-viejo-norte,Centro de Salud,Colmenar Viejo,POINT (434568 4501664)
C.S. Colmenar Viejo Sur,"Centro de Salud Colmenar Viejo Sur Calle Doctor Cecilio de la Morena, 3. Colmenar Viejo",Centro de Salud Colmenar Viejo Sur,Calle,Doctor Cecilio de la Morena,3,045,435580,4501384,04501835,050201,0502,05,CS,https://www.comunidad.madrid/centros/centro-salud-colmenar-viejo-sur,Centro de Salud,Colmenar Viejo,POINT (435580 4501384)
C.S. Ciudad San Pablo,"Centro de Salud Ciudad San Pablo Avenida Madrid, 11. Coslada",Centro de Salud Ciudad San Pablo,Avenida,Madrid,11,049,454068,4474508,049A0178,020104,0201,02,CS,https://www.comunidad.madrid/centros/centro-salud-ciudad-san-pablo,Centro de Salud,Coslada,POINT (454068 4474508)
C.S. Doctor Tamames,"Centro de Salud Dr. Tamames Calle Alameda, 1. Coslada",Centro de Salud Dr. Tamames,Calle,Alameda,1,049,452223,4475489,049A0004,020101,0201,02,CS,https://www.comunidad.madrid/centros/centro-salud-doctor-tamames,Centro de Salud,Coslada,POINT (452223 4475489)
C.S. El Puerto,"Centro de Salud El Puerto Calle Oceáno Pacífico, 3. Coslada",Centro de Salud El Puerto,Calle,Oceáno Pacífico,3,049,451855,4474458,04910111,020102,0201,02,CS,https://www.comunidad.madrid/centros/centro-salud-puerto,Centro de Salud,Coslada,POINT (451855 4474458)
C.S. Jaime Vera Coslada,"Centro de Salud Jaime Vera (Coslada) Avenida España, 130. Coslada",Centro de Salud Jaime Vera (Coslada),Avenida,España,130,049,453169,4474603,049A0101,020103,0201,02,CS,https://www.comunidad.madrid/centros/centro-salud-jaime-vera-coslada,Centro de Salud,Coslada,POINT (453169 4474603)
C.S. Valleaguado,"Centro de Salud Valleaguado Avenida Principes de España, 30. Coslada",Centro de Salud Valleaguado,Avenida,Principes de España,30,049,453975,4475077,049A0229,020103,0201,02,CS,https://www.comunidad.madrid/centros/centro-salud-valleaguado,Centro de Salud,Coslada,POINT (453975 4475077)
C.S. El Molar,"Centro de Salud El Molar Calle San Isidro, 0. Molar (El)",Centro de Salud El Molar,Calle,San Isidro,0,086,450907,4509798,086A0097,050110,0501,05,CS,,Centro de Salud,Molar (El),POINT (450907 4509798)
C.S. Alicante,"Centro de Salud Alicante Calle Alicante, 3. Fuenlabrada",Centro de Salud Alicante,Calle,Alicante,3,058,432582,4460249,058A0017,090202,0902,09,CS,https://www.comunidad.madrid/centros/centro-salud-alicante,Centro de Salud,Fuenlabrada,POINT (432582 4460249)
C.S. Castilla la Nueva,"Centro de Salud Castilla la Nueva Calle Teruel, 4. Fuenlabrada",Centro de Salud Castilla la Nueva,Calle,Teruel,4,058,432337,4460706,058A0463,090203,0902,09,CS,https://www.comunidad.madrid/centros/centro-salud-castilla-nueva,Centro de Salud,Fuenlabrada,POINT (432337 4460706)
C.S. Cuzco,"Centro de Salud Cuzco Calle Cuzco, 4. Fuenlabrada",Centro de Salud Cuzco,Calle,Cuzco,4,058,432924,4460185,058A0128,090201,0902,09,CS,https://www.comunidad.madrid/centros/centro-salud-cuzco,Centro de Salud,Fuenlabrada,POINT (432924 4460185)
C.S. El Naranjo,"Centro de Salud El Naranjo Calle Avilés, 2. Fuenlabrada",Centro de Salud El Naranjo,Calle,Avilés,2,058,431255,4460793,058A0048,090204,0902,09,CS,https://www.comunidad.madrid/centros/centro-salud-naranjo,Centro de Salud,Fuenlabrada,POINT (431255 4460793)
C.S. Francia,"Centro de Salud Francia Calle Francia, 38. Fuenlabrada",Centro de Salud Francia,Calle,Francia,38,058,431378,4459783,058A0179,090206,0902,09,CS,https://www.comunidad.madrid/centros/centro-salud-francia,Centro de Salud,Fuenlabrada,POINT (431378 4459783)
C.S. Panaderas,"Centro de Salud Panaderas Calle de las Panaderas, 9. Fuenlabrada",Centro de Salud Panaderas,Calle,de las Panaderas,9,058,432153,4458943,058A0366,090205,0902,09,CS,https://www.comunidad.madrid/centros/centro-salud-panaderas,Centro de Salud,Fuenlabrada,POINT (432153 4458943)
C.S. Parque Loranca,"Centro de Salud Parque Loranca Calle Alegría, 2. Fuenlabrada",Centro de Salud Parque Loranca,Calle,Alegría,2,058,428915,4461040,058A0015,090207,0902,09,CS,https://www.comunidad.madrid/centros/centro-salud-parque-loranca,Centro de Salud,Fuenlabrada,POINT (428915 4461040)
C.S. Galapagar,"Centro de Salud Galapagar Avda Víctimas del Terrorismo, 3. Galapagar",Centro de Salud Galapagar,Avda,Víctimas del Terrorismo,3,061,415596,4493066,06110153,060202,0602,06,CS,https://www.comunidad.madrid/centros/centro-salud-galapagar,Centro de Salud,Galapagar,POINT (415596 4493066)
C.S. El Bercial,"Centro de Salud El Bercial Avenida del Parque, 12. Getafe",Centro de Salud El Bercial,Avenida,del Parque,12,065,437266,4464159,065A0566,100206,1002,10,CS,https://www.comunidad.madrid/centros/centro-salud-bercial,Centro de Salud,Getafe,POINT (437266 4464159)
C.S. El Greco,"Centro de Salud El Greco Avenida Reyes Católicos, 37. Getafe",Centro de Salud El Greco,Avenida,Reyes Católicos,37,065,437396,4461140,065A0630,100203,1002,10,CS,https://www.comunidad.madrid/centros/centro-salud-greco,Centro de Salud,Getafe,POINT (437396 4461140)
C.S. Getafe Norte,"Centro de Salud Getafe Norte Avenida Rigoberta Menchú, 2. Getafe",Centro de Salud Getafe Norte,Avenida,Rigoberta Menchú,2,065,439152,4463775,065A0634,100202,1002,10,CS,https://www.comunidad.madrid/centros/centro-salud-getafe-norte,Centro de Salud,Getafe,POINT (439152 4463775)
C.S. Juan de la Cierva,"Centro de Salud Juan de la Cierva Avenida Juan de la Cierva, 0. Getafe",Centro de Salud Juan de la Cierva,Avenida,Juan de la Cierva,0,065,438353,4461940,065A0416,100201,1002,10,CS,https://www.comunidad.madrid/centros/centro-salud-juan-cierva,Centro de Salud,Getafe,POINT (438353 4461940)
C.S. Las Ciudades,"Centro de Salud Las Ciudades Calle Palestina, s/n esq. C/ Francisco Fernández Ordóñez, 0. Getafe",Centro de Salud Las Ciudades,Calle,"Palestina, s/n esq. C/ Francisco Fernández Ordóñez",0,065,439349,4462893,06560360,100204,1002,10,CS,https://www.comunidad.madrid/centros/centro-salud-ciudades,Centro de Salud,Getafe,POINT (439349 4462893)
C.S. Las Margaritas,"Centro de Salud Las Margaritas Calle Magallanes, 6. Getafe",Centro de Salud Las Margaritas,Calle,Magallanes,6,065,437985,4463161,065A0467,100202,1002,10,CS,https://www.comunidad.madrid/centros/centro-salud-margaritas,Centro de Salud,Getafe,POINT (437985 4463161)
C.S. Perales del Río,"Centro de Salud Perales del Río Calle Juan de Mairena, 0. Getafe",Centro de Salud Perales del Río,Calle,Juan de Mairena,0,065,444137,4463907,065A0418,100207,1002,10,CS,https://www.comunidad.madrid/centros/centro-salud-perales-rio,Centro de Salud,Getafe,POINT (444137 4463907)
C.S. Sánchez Morate,"Centro de Salud Sánchez Morate Calle Huelva, 2. Getafe",Centro de Salud Sánchez Morate,Calle,Huelva,2,065,438578,4462787,06560388,100208,1002,10,CS,https://www.comunidad.madrid/centros/centro-salud-sanchez-morate,Centro de Salud,Getafe,POINT (438578 4462787)
C.S. Sector III,"Centro de Salud Sector III Avenida Juan Carlos I, 1. Getafe",Centro de Salud Sector III,Avenida,Juan Carlos I,1,065,436389,4460882,065A0415,100205,1002,10,CS,https://www.comunidad.madrid/centros/centro-salud-sector-iii,Centro de Salud,Getafe,POINT (436389 4460882)
C.S. Griñón,"Centro de Salud Griñón Calle Calvario, 1. Griñón",Centro de Salud Griñón,Calle,Calvario,1,066,427576,4452038,06600446,100101,1001,10,CS,https://www.comunidad.madrid/centros/centro-salud-grinon,Centro de Salud,Griñón,POINT (427576 4452038)
C.S. Guadarrama,"Centro de Salud Guadarrama Calle de los Reyes Católicos, 2. Guadarrama",Centro de Salud Guadarrama,Calle,de los Reyes Católicos,2,068,408005,4502963,06800087,060205,0602,06,CS,https://www.comunidad.madrid/centros/centro-salud-guadarrama,Centro de Salud,Guadarrama,POINT (408005 4502963)
C.S. Humanes,"Centro de Salud Humanes Calle Ferrocarril, 4. Humanes de Madrid",Centro de Salud Humanes,Calle,Ferrocarril,4,073,429573,4456337,07300465,090208,0902,09,CS,https://www.comunidad.madrid/centros/centro-salud-humanes-madrid,Centro de Salud,Humanes de Madrid,POINT (429573 4456337)
C.S. La Cabrera,"Centro de Salud La Cabrera Plaza de la Concordia, 2. Cabrera (La)",Centro de Salud La Cabrera,Plaza,de la Concordia,2,030,448223,4523869,03000173,050111,0501,05,CS,https://www.comunidad.madrid/centros/centro-salud-cabrera,Centro de Salud,Cabrera (La),POINT (448223 4523869)
C.S. Las Rozas - El Abajón,"Centro de Salud Las Rozas - El Abajón Calle Principado de Asturias, 30. Rozas de Madrid (Las)",Centro de Salud Las Rozas - El Abajón,Calle,Principado de Asturias,30,127,425574,4482473,12701866,060105,0601,06,CS,https://www.comunidad.madrid/centros/centro-salud-rozas-abajon,Centro de Salud,Rozas de Madrid (Las),POINT (425574 4482473)
C.S. Monterrozas,"Centro de Salud Monterrozas Calle Aristóteles, 7. Rozas de Madrid (Las)",Centro de Salud Monterrozas,Calle,Aristóteles,7,127,422045,4485390,12702555,060105,0601,06,CS,https://www.comunidad.madrid/centros/centro-salud-monterrozas,Centro de Salud,Rozas de Madrid (Las),POINT (422045 4485390)
C.S. Doctor Mendiguchía Carriche,"Centro de Salud Dr. Mendiguchía Carriche Plaza Comunidad de Madrid, 0. Leganés",Centro de Salud Dr. Mendiguchía Carriche,Plaza,Comunidad de Madrid,0,074,435693,4464331,074A0105,090108,0901,09,CS,https://www.comunidad.madrid/centros/centro-salud-doctor-mendiguchia-carriche,Centro de Salud,Leganés,POINT (435693 4464331)
C.S. Huerta de los Frailes,"Centro de Salud Huerta de los Frailes Avenida de los Pinos, 30. Leganés",Centro de Salud Huerta de los Frailes,Avenida,de los Pinos,30,074,434052,4463666,074A0323,090101,0901,09,CS,https://www.comunidad.madrid/centros/centro-salud-huerta-frailes,Centro de Salud,Leganés,POINT (434052 4463666)
C.S. Jaime Vera Leganés,"Centro de Salud Jaime Vera (Leganés) Avenida Europa, 1. Leganés",Centro de Salud Jaime Vera (Leganés),Avenida,Europa,1,074,436633,4464679,074A0144,090105,0901,09,CS,https://www.comunidad.madrid/centros/centro-salud-jaime-vera-leganes,Centro de Salud,Leganés,POINT (436633 4464679)
C.S. Leganés Norte,"Centro de Salud Leganés Norte Calle Carrmen Martín Gaite, 16. Leganés",Centro de Salud Leganés Norte,Calle,Carrmen Martín Gaite,16,074,436450,4466335,074A0081,090109,0901,09,CS,https://www.comunidad.madrid/centros/centro-salud-leganes-norte,Centro de Salud,Leganés,POINT (436450 4466335)
C.S. María Ángeles López Gómez,"Centro de Salud María Ángeles López Gómez Calle María Ángeles López Gómez, 2. Leganés",Centro de Salud María Ángeles López Gómez,Calle,María Ángeles López Gómez,2,074,436062,4465478,07403190,09'0104,0901,09,CS,https://www.comunidad.madrid/centros/centro-salud-maria-angeles-lopez-gomez,Centro de Salud,Leganés,POINT (436062 4465478)
C.S. María Jesús Hereza - Cuéllar,"Centro de Salud María Jesús Hereza Calle Jesus Miguel Hadad Blanco, 2. Leganés",Centro de Salud María Jesús Hereza,Calle,Jesus Miguel Hadad Blanco,2,074,434842,4465415,074A0207,090103,0901,09,CS,https://www.comunidad.madrid/centros/centro-salud-maria-jesus-hereza,Centro de Salud,Leganés,POINT (434842 4465415)
C.S. María Montessori,"Centro de Salud Maria Montessori Avenida Portugal, 2. Leganés",Centro de Salud Maria Montessori,Avenida,Portugal,2,074,436765,4465497,074A0333,090106,0901,09,CS,https://www.comunidad.madrid/centros/centro-salud-maria-montessori,Centro de Salud,Leganés,POINT (436765 4465497)
C.S. Marie Curie (La Fortuna),"Centro de Salud Marie Curie (La Fortuna) Calle San Bernardo, 13. Leganés",Centro de Salud Marie Curie (La Fortuna),Calle,San Bernardo,13,074,433869,4468027,074A0426,090107,0901,09,CS,https://www.comunidad.madrid/centros/centro-salud-marie-curie-fortuna,Centro de Salud,Leganés,POINT (433869 4468027)
C.S. Santa Isabel,"Centro de Salud Santa Isabel Calle Isabel la Católica c/v Calle Velasco, 0. Leganés",Centro de Salud Santa Isabel,Calle,Isabel la Católica c/v Calle Velasco,0,074,434852,4464307,074A0201,090102,0901,09,CS,https://www.comunidad.madrid/centros/centro-salud-santa-isabel,Centro de Salud,Leganés,POINT (434852 4464307)
C.S. Doctor Castroviejo,"Centro de Salud Dr. Castroviejo Calle Cándido Mateos, 11. Madrid",Centro de Salud Dr. Castroviejo,Calle,Cándido Mateos,11,079,439163,4480441,07901031,050406,0504,05,CS,https://www.comunidad.madrid/centros/centro-salud,Centro de Salud,Madrid,POINT (439163 4480441)
C.S. Abrantes,"Centro de Salud Abrantes Avenida Abrantes, 55. Madrid",Centro de Salud Abrantes,Avenida,Abrantes,55,079,438257,4470308,07900017,110411,1104,11,CS,https://www.comunidad.madrid/centros/centro-salud-abrantes,Centro de Salud,Madrid,POINT (438257 4470308)
C.S. Adelfas,"Centro de Salud Adelfas Avda Ciudad de Barcelona, 190. Madrid",Centro de Salud Adelfas,Avda,Ciudad de Barcelona,190,079,442754,4472481,07901357,010301,0103,01,CS,https://www.comunidad.madrid/centros/centro-salud-adelfas,Centro de Salud,Madrid,POINT (442754 4472481)
C.S. Alameda,"Centro de Salud Alameda Calle Alameda, 5. Madrid",Centro de Salud Alameda,Calle,Alameda,5,079,441140,4473727,07900093,070106,0701,07,CS,https://www.comunidad.madrid/centros/centro-salud-alameda,Centro de Salud,Madrid,POINT (441140 4473727)
C.S. Alameda de Osuna,"Centro de Salud Alameda de Osuna Calle Carabela, 7. Madrid",Centro de Salud Alameda de Osuna,Calle,Carabela,7,079,450266,4478471,07909149,040307,0403,04,CS,https://www.comunidad.madrid/centros/centro-salud-alameda-osuna,Centro de Salud,Madrid,POINT (450266 4478471)
C.S. Alcalá de Guadaira,"Centro de Salud Alcalá de Guadaira Calle Alcalá de Guadaira, 4. Madrid",Centro de Salud Alcalá de Guadaira,Calle,Alcalá de Guadaira,4,079,444223,4471212,07908116,010404,0104,01,CS,https://www.comunidad.madrid/centros/centro-salud-alcala-guadaira,Centro de Salud,Madrid,POINT (444223 4471212)
C.S. Almendrales,"Centro de Salud Almendrales Calle Visitación, 5. Madrid",Centro de Salud Almendrales,Calle,Visitación,5,079,440449,4470458,07906462,110502,1105,11,CS,https://www.comunidad.madrid/centros/centro-salud-almendrales,Centro de Salud,Madrid,POINT (440449 4470458)
C.S. Andrés Mellado,"Centro de Salud Andrés Mellado Calle Andrés Mellado, 37. Madrid",Centro de Salud Andrés Mellado,Calle,Andrés Mellado,37,079,439397,4476220,07900360,070203,0702,07,CS,https://www.comunidad.madrid/centros/centro-salud-andres-mellado,Centro de Salud,Madrid,POINT (439397 4476220)
C.S. Angela Uriarte,"Centro de Salud Angela Uriarte Calle Candilejas, 66. Madrid",Centro de Salud Angela Uriarte,Calle,Candilejas,66,079,443632,4470385,07945187,010405,0104,01,CS,https://www.comunidad.madrid/centros/centro-salud-angela-uriarte,Centro de Salud,Madrid,POINT (443632 4470385)
C.S. Aquitania,"Centro de Salud Aquitania Calle Aquitania, 22. Madrid",Centro de Salud Aquitania,Calle,Aquitania,22,079,447604,4474416,07945493,040201,0402,04,CS,https://www.comunidad.madrid/centros/centro-salud-aquitania,Centro de Salud,Madrid,POINT (447604 4474416)
C.S. Argüelles,"Centro de Salud Argüelles Calle Quintana, 11. Madrid",Centro de Salud Argüelles,Calle,Quintana,11,079,439158,4475488,07905049,060303,0603,06,CS,https://www.comunidad.madrid/centros/centro-salud-arguelles,Centro de Salud,Madrid,POINT (439158 4475488)
C.S. Arroyo de la Medialegua,"Centro de Salud Arroyo de la Medialegua Calle Arroyo de la Media Legua, 35. Madrid",Centro de Salud Arroyo de la Medialegua,Calle,Arroyo de la Media Legua,35,079,444470,4473693,07900606,010202,0102,01,CS,https://www.comunidad.madrid/centros/centro-salud-arroyo-medialegua,Centro de Salud,Madrid,POINT (444470 4473693)
C.S. Artilleros,"Centro de Salud Artilleros Paseo Artilleros, 31. Madrid",Centro de Salud Artilleros,Paseo,Artilleros,31,079,448350,4472961,07900578,010204,0102,01,CS,https://www.comunidad.madrid/centros/centro-salud-artilleros,Centro de Salud,Madrid,POINT (448350 4472961)
C.S. Avda. de Aragón,"Centro de Salud Avda. de Aragón Calle Alcalá, 425. Madrid",Centro de Salud Avda. de Aragón,Calle,Alcalá,425,079,445961,4476608,07900132,040104,0401,04,CS,https://www.comunidad.madrid/centros/centro-salud-avenida-aragon,Centro de Salud,Madrid,POINT (445961 4476608)
C.S. Barajas,"Centro de Salud Barajas Avenida Logroño, 319. Madrid",Centro de Salud Barajas,Avenida,Logroño,319,079,450670,4480271,07903464,040306,0403,04,CS,https://www.comunidad.madrid/centros/centro-salud-barajas,Centro de Salud,Madrid,POINT (450670 4480271)
C.S. Barrio del Pilar,"Centro de Salud Barrio del Pilar Calle Finisterre, 18. Madrid",Centro de Salud Barrio del Pilar,Calle,Finisterre,18,079,440507,4481024,07909437,050404,0504,05,CS,https://www.comunidad.madrid/centros/centro-salud-barrio-pilar,Centro de Salud,Madrid,POINT (440507 4481024)
C.S. Baviera,"Centro de Salud Baviera Calle Pintor Moreno Carbonero, 9. Madrid",Centro de Salud Baviera,Calle,Pintor Moreno Carbonero,9,079,443348,4476703,07907849,020203,0202,02,CS,https://www.comunidad.madrid/centros/centro-salud-baviera,Centro de Salud,Madrid,POINT (443348 4476703)
C.S. Benita de Avila,"Centro de Salud Benita de Avila Calle Benita de Avila, 26. Madrid",Centro de Salud Benita de Avila,Calle,Benita de Avila,26,079,444865,4479566,07900802,040303,0403,04,CS,https://www.comunidad.madrid/centros/centro-salud-benita-avila,Centro de Salud,Madrid,POINT (444865 4479566)
C.S. Buenos Aires,"Centro de Salud Buenos Aires Calle Pio Felipe, 26. Madrid",Centro de Salud Buenos Aires,Calle,Pio Felipe,26,079,444532,4471710,07904835,010409,0104,01,CS,https://www.comunidad.madrid/centros/centro-salud-buenos-aires,Centro de Salud,Madrid,POINT (444532 4471710)
C.S. Bustarviejo,"Centro de Salud Bustarviejo Calle Bustarviejo, 5. Madrid",Centro de Salud Bustarviejo,Calle,Bustarviejo,5,079,441040,4479302,07900924,050303,0503,05,CS,https://www.comunidad.madrid/centros/centro-salud-bustarviejo,Centro de Salud,Madrid,POINT (441040 4479302)
C.S. Cáceres,"Centro de Salud Cáceres Calle Cáceres, 4. Madrid",Centro de Salud Cáceres,Calle,Cáceres,4,079,441018,4472236,07900953,110205,1102,11,CS,https://www.comunidad.madrid/centros/centro-salud-caceres,Centro de Salud,Madrid,POINT (441018 4472236)
C.S. Campamento,"Centro de Salud Campamento Calle Mirueña, 5. Madrid",Centro de Salud Campamento,Calle,Mirueña,5,079,433669,4471781,07910545,070305,0703,07,CS,https://www.comunidad.madrid/centros/centro-salud-campamento,Centro de Salud,Madrid,POINT (433669 4471781)
C.S. Campo de la Paloma,"Centro de Salud Campo de la Paloma Calle Villalobos, 14. Madrid",Centro de Salud Campo de la Paloma,Calle,Villalobos,14,079,445007,4470366,07909004,010411,0104,01,CS,https://www.comunidad.madrid/centros/centro-salud-campo-paloma,Centro de Salud,Madrid,POINT (445007 4470366)
C.S. Canal de Panamá,"Centro de Salud Canal de Panamá Calle Verdaguer y García, 56. Madrid",Centro de Salud Canal de Panamá,Calle,Verdaguer y García,56,079,444643,4476929,07906294,040106,0401,04,CS,https://www.comunidad.madrid/centros/centro-salud-canal-panama,Centro de Salud,Madrid,POINT (444643 4476929)
C.S. Canillejas,"Centro de Salud Canillejas Calle Boltaña, 5. Madrid",Centro de Salud Canillejas,Calle,Boltaña,5,079,447900,4477255,07900863,040204,0402,04,CS,https://www.comunidad.madrid/centros/centro-salud-canillejas,Centro de Salud,Madrid,POINT (447900 4477255)
C.S. Carabanchel Alto,"Centro de Salud Carabanchel Alto Avenida de Carabanchel Alto, 150. Madrid",Centro de Salud Carabanchel Alto,Avenida,de Carabanchel Alto,150,079,435973,4468171,07902496,,4201,42,CS,https://www.comunidad.madrid/centros/centro-salud-carabanchel-alto,Centro de Salud,Madrid,POINT (435973 4468171)
C.S. Caramuel,"Centro de Salud Caramuel Calle Fuenteovejuna, 17. Madrid",Centro de Salud Caramuel,Calle,Fuenteovejuna,17,079,438228,4473427,07902397,070301,0703,07,CS,https://www.comunidad.madrid/centros/centro-salud-caramuel,Centro de Salud,Madrid,POINT (438228 4473427)
C.S. Casa de Campo,"Centro de Salud Casa de Campo Calle Ribera del Manzanares, 113. Madrid",Centro de Salud Casa de Campo,Calle,Ribera del Manzanares,113,079,437942,4475484,07903719,060302,0603,06,CS,https://www.comunidad.madrid/centros/centro-salud-casa-campo,Centro de Salud,Madrid,POINT (437942 4475484)
C.S. Castelló,"Centro de Salud Castelló Calle Castelló, 63. Madrid",Centro de Salud Castelló,Calle,Castelló,63,079,442203,4475557,07901215,020204,0202,02,CS,https://www.comunidad.madrid/centros/centro-salud-castello,Centro de Salud,Madrid,POINT (442203 4475557)
C.S. Cea Bermúdez,"Centro de Salud Cea Bermúdez Calle Cea Bermúdez, 10. Madrid",Centro de Salud Cea Bermúdez,Calle,Cea Bermúdez,10,079,440027,4476718,07901263,070204,0702,07,CS,https://www.comunidad.madrid/centros/centro-salud-cea-bermudez,Centro de Salud,Madrid,POINT (440027 4476718)
C.S. Cerro Almodovar,"Centro de Salud Cerro Almodovar Calle Fuentespina, 2. Madrid",Centro de Salud Cerro Almodovar,Calle,Fuentespina,2,079,448751,4470158,07910633,010413,0104,01,CS,https://www.comunidad.madrid/centros/centro-salud-cerro-almodovar,Centro de Salud,Madrid,POINT (448751 4470158)
C.S. Ciudad de los Periodistas,"Centro de Salud Ciudad de los Periodistas Calle Valencia de don Juan, 1. Madrid",Centro de Salud Ciudad de los Periodistas,Calle,Valencia de don Juan,1,079,440043,4481812,07911022,050403,0504,05,CS,https://www.comunidad.madrid/centros/centro-salud-ciudad-periodistas,Centro de Salud,Madrid,POINT (440043 4481812)
C.S. Ciudad Jardín,"Centro de Salud Ciudad Jardín Calle Pantoja, 3. Madrid",Centro de Salud Ciudad Jardín,Calle,Pantoja,3,079,443143,4477623,07904532,020301,0203,02,CS,https://www.comunidad.madrid/centros/centro-salud-ciudad-jardin,Centro de Salud,Madrid,POINT (443143 4477623)
C.S. Comillas,"Centro de Salud Comillas Calle Eduardo Marquina, 33. Madrid",Centro de Salud Comillas,Calle,Eduardo Marquina,33,079,439743,4471548,07901878,110406,1104,11,CS,https://www.comunidad.madrid/centros/centro-salud-comillas,Centro de Salud,Madrid,POINT (439743 4471548)
C.S. Daroca,"Centro de Salud Daroca Avenida Daroca, 4. Madrid",Centro de Salud Daroca,Avenida,Daroca,4,079,444165,4475776,07901663,040101,0401,04,CS,https://www.comunidad.madrid/centros/centro-salud-daroca,Centro de Salud,Madrid,POINT (444165 4475776)
C.S. Delicias,"Centro de Salud Delicias Calle Delicias, 5. Madrid",Centro de Salud Delicias,Calle,Delicias,5,079,441016,4472866,07901674,110204,1102,11,CS,https://www.comunidad.madrid/centros/centro-salud-delicias,Centro de Salud,Madrid,POINT (441016 4472866)
C.S. Doctor Cirajas,"Centro de Salud Dr. Cirajas Calle Doctor Cirajas, 20. Madrid",Centro de Salud Dr. Cirajas,Calle,Doctor Cirajas,20,079,445971,4476279,07901732,040102,0401,04,CS,https://www.comunidad.madrid/centros/centro-salud-doctor-cirajas,Centro de Salud,Madrid,POINT (445971 4476279)
C.S. El Espinillo,"Centro de Salud El Espinillo Avenida Orovilla, 53. Madrid",Centro de Salud El Espinillo,Avenida,Orovilla,53,079,441475,4467785,07911845,110308,1103,11,CS,https://www.comunidad.madrid/centros/centro-salud-espinillo,Centro de Salud,Madrid,POINT (441475 4467785)
C.S. El Pardo,"Centro de Salud El Pardo Calle Carlos Morla Lynch, 2. Madrid",Centro de Salud El Pardo,Calle,Carlos Morla Lynch,2,079,434187,4485595,07904937,050408,0504,05,CS,https://www.comunidad.madrid/centros/centro-salud-pardo,Centro de Salud,Madrid,POINT (434187 4485595)
C.S. Eloy Gonzalo,"Centro de Salud Eloy Gonzalo Calle Eloy Gonzalo, 24. Madrid",Centro de Salud Eloy Gonzalo,Calle,Eloy Gonzalo,24,079,440524,4476185,07901919,070201,0702,07,CS,https://www.comunidad.madrid/centros/centro-salud-eloy-gonzalo,Centro de Salud,Madrid,POINT (440524 4476185)
C.S. Embajadores,"Centro de Salud Embajadores Calle Cardenal Solis, 6. Madrid",Centro de Salud Embajadores,Calle,Cardenal Solis,6,079,440651,4472615,07901101,110204,1102,11,CS,https://www.comunidad.madrid/centros/centro-salud-embajadores,Centro de Salud,Madrid,POINT (440651 4472615)
C.S. Ensanche de Vallecas,"Centro de Salud Ensanche de Vallecas Calle Cincovillas, 1. Madrid",Centro de Salud Ensanche de Vallecas,Calle,Cincovillas,1,079,447015,4468807,079C0674,010414,0104,01,CS,https://www.comunidad.madrid/centros/centro-salud-ensanche-vallecas,Centro de Salud,Madrid,POINT (447015 4468807)
C.S. Entrevías,"Centro de Salud Entrevías Calle Pedroches, 0. Madrid",Centro de Salud Entrevías,Calle,Pedroches,0,079,443143,4470062,07909776,010408,0104,01,CS,https://www.comunidad.madrid/centros/centro-salud-entrevias,Centro de Salud,Madrid,POINT (443143 4470062)
C.S. Espronceda,"Centro de Salud Espronceda Calle Espronceda, 24. Madrid",Centro de Salud Espronceda,Calle,Espronceda,24,079,440915,4476885,07902047,070205,0702,07,CS,https://www.comunidad.madrid/centros/centro-salud-espronceda,Centro de Salud,Madrid,POINT (440915 4476885)
C.S. Estrecho de Corea,"Centro de Salud Estrecho de Corea Calle Estrecho de Corea, 1. Madrid",Centro de Salud Estrecho de Corea,Calle,Estrecho de Corea,1,079,445043,4476790,07902072,040105,0401,04,CS,https://www.comunidad.madrid/centros/centro-salud-estrecho-corea,Centro de Salud,Madrid,POINT (445043 4476790)
C.S. Federica Montseny,"Centro de Salud Federica Montseny Avenida Albufera, 285. Madrid",Centro de Salud Federica Montseny,Avenida,Albufera,285,079,445704,4470967,07900130,010410,0104,01,CS,https://www.comunidad.madrid/centros/centro-salud-federica-montseny,Centro de Salud,Madrid,POINT (445704 4470967)
C.S. Fuencarral,"Centro de Salud Fuencarral Calle Isla de Java, 0. Madrid",Centro de Salud Fuencarral,Calle,Isla de Java,0,079,441878,4482556,07902937,050401,0504,05,CS,https://www.comunidad.madrid/centros/centro-salud-fuencarral,Centro de Salud,Madrid,POINT (441878 4482556)
C.S. Fuentelarreina,"Centro de Salud Fuentelarreina Calle Alfonso Rodríguez Castelao, 17. Madrid",Centro de Salud Fuentelarreina,Calle,Alfonso Rodríguez Castelao,17,079,437802,4481541,07911134,050407,0504,05,CS,https://www.comunidad.madrid/centros/centro-salud-fuentelarreina,Centro de Salud,Madrid,POINT (437802 4481541)
C.S. Gandhi,"Centro de Salud Gandhi Calle Gandhi, 30. Madrid",Centro de Salud Gandhi,Calle,Gandhi,30,079,446426,4475142,07901882,040103,0401,04,CS,https://www.comunidad.madrid/centros/centro-salud-gandhi,Centro de Salud,Madrid,POINT (446426 4475142)
C.S. García Noblejas,"Centro de Salud García Noblejas Calle Hermanos García Noblejas, 168. Madrid",Centro de Salud García Noblejas,Calle,Hermanos García Noblejas,168,079,446743,4474941,07902729,040109,0401,04,CS,https://www.comunidad.madrid/centros/centro-salud-garcia-noblejas,Centro de Salud,Madrid,POINT (446743 4474941)
C.S. General Fanjul,"Centro de Salud General Fanjul Avenida Águilas, 18. Madrid",Centro de Salud General Fanjul,Avenida,Águilas,18,079,434018,4470437,07902495,070310,0703,07,CS,https://www.comunidad.madrid/centros/centro-salud-general-fanjul,Centro de Salud,Madrid,POINT (434018 4470437)
C.S. General Ricardos,"Centro de Salud General Ricardos Calle General Ricardos, 131. Madrid",Centro de Salud General Ricardos,Calle,General Ricardos,131,079,438196,4471370,07902524,110402,1104,11,CS,https://www.comunidad.madrid/centros/centro-salud-general-ricardos,Centro de Salud,Madrid,POINT (438196 4471370)
C.S. Goya,"Centro de Salud Goya Calle O'Donnell, 55. Madrid",Centro de Salud Goya,Calle,O'Donnell,55,079,443033,4474762,07904389,020201,0202,02,CS,https://www.comunidad.madrid/centros/centro-salud-goya,Centro de Salud,Madrid,POINT (443033 4474762)
C.S. Guayaba,"Centro de Salud Guayaba Calle Antonia Rodríguez Sacristán, 4. Madrid",Centro de Salud Guayaba,Calle,Antonia Rodríguez Sacristán,4,079,436503,4469447,07900427,110405,1104,11,CS,https://www.comunidad.madrid/centros/centro-salud-guayaba,Centro de Salud,Madrid,POINT (436503 4469447)
C.S. Guzmán el Bueno,"Centro de Salud Guzmán el Bueno Calle Guzmán El Bueno, 11. Madrid",Centro de Salud Guzmán el Bueno,Calle,Guzmán El Bueno,11,079,439473,4475870,07902695,070202,0702,07,CS,https://www.comunidad.madrid/centros/centro-salud-guzman-bueno,Centro de Salud,Madrid,POINT (439473 4475870)
C.S. Ibiza,"Centro de Salud Ibiza Calle Ibiza, 7. Madrid",Centro de Salud Ibiza,Calle,Ibiza,7,079,442481,4474431,07902844,010303,0103,01,CS,https://www.comunidad.madrid/centros/centro-salud-ibiza,Centro de Salud,Madrid,POINT (442481 4474431)
C.S. Infanta Mercedes,"Centro de Salud Infanta Mercedes Calle Infanta Mercedes, 7. Madrid",Centro de Salud Infanta Mercedes,Calle,Infanta Mercedes,7,079,440690,4478274,07902872,050301,0503,05,CS,https://www.comunidad.madrid/centros/centro-salud-infanta-mercedes,Centro de Salud,Madrid,POINT (440690 4478274)
C.S. Isla de Oza,"Centro de Salud Isla de Oza Calle San Martin de Porres, 6. Madrid",Centro de Salud Isla de Oza,Calle,San Martin de Porres,6,079,438352,4479968,07906631,060301,0603,06,CS,https://www.comunidad.madrid/centros/centro-salud-isla-oza,Centro de Salud,Madrid,POINT (438352 4479968)
C.S. Jazmín,"Centro de Salud Jazmín Calle Jazmín, 33. Madrid",Centro de Salud Jazmín,Calle,Jazmín,33,079,443791,4481505,07908870,040108,0401,04,CS,https://www.comunidad.madrid/centros/centro-salud-jazmin,Centro de Salud,Madrid,POINT (443791 4481505)
C.S. Joaquín Rodrigo,"Centro de Salud Joaquín Rodrigo Calle Mariano Vela, 62. Madrid",Centro de Salud Joaquín Rodrigo,Calle,Mariano Vela,62,079,439754,4470334,07903841,110504,1105,11,CS,https://www.comunidad.madrid/centros/centro-salud-joaquin-rodrigo,Centro de Salud,Madrid,POINT (439754 4470334)
C.S. José María Llanos,"Centro de Salud José María Llanos Calle Cabo Machichaco, 62. Madrid",Centro de Salud José María Llanos,Calle,Cabo Machichaco,62,079,443833,4469196,07900945,010407,0104,01,CS,https://www.comunidad.madrid/centros/centro-salud-jose-maria-llanos,Centro de Salud,Madrid,POINT (443833 4469196)
C.S. José Marvá,"Centro de Salud José Marvá Calle Bravo Murillo, 317. Madrid",Centro de Salud José Marvá,Calle,Bravo Murillo,317,079,440931,4479429,07900886,050306,0503,05,CS,https://www.comunidad.madrid/centros/centro-salud-jose-marva,Centro de Salud,Madrid,POINT (440931 4479429)
C.S. Justicia,"Centro de Salud Justicia Calle Regueros, 3. Madrid",Centro de Salud Justicia,Calle,Regueros,3,079,440893,4475103,07905135,070102,0701,07,CS,https://www.comunidad.madrid/centros/centro-salud-justicia,Centro de Salud,Madrid,POINT (440893 4475103)
C.S. La Ventilla,"Centro de Salud La Ventilla Avenida Asturias, 61. Madrid",Centro de Salud La Ventilla,Avenida,Asturias,61,079,440756,4480317,07911612,050307,0503,05,CS,https://www.comunidad.madrid/centros/centro-salud-ventilla,Centro de Salud,Madrid,POINT (440756 4480317)
C.S. Lagasca,"Centro de Salud Lagasca Calle Lagasca, 122. Madrid",Centro de Salud Lagasca,Calle,Lagasca,122,079,441969,4476332,07903358,020204,0202,02,CS,https://www.comunidad.madrid/centros/centro-salud-lagasca,Centro de Salud,Madrid,POINT (441969 4476332)
C.S. Las Águilas,"Centro de Salud Las Águilas Calle Jose de Cadalso, 51. Madrid",Centro de Salud Las Águilas,Calle,Jose de Cadalso,51,079,434766,4470083,07907705,070308,0703,07,CS,https://www.comunidad.madrid/centros/centro-salud-aguilas,Centro de Salud,Madrid,POINT (434766 4470083)
C.S. Las Calesas,"Centro de Salud Las Calesas Calle Calesas, 12. Madrid",Centro de Salud Las Calesas,Calle,Calesas,12,079,440110,4471277,07900979,110501,1105,11,CS,https://www.comunidad.madrid/centros/centro-salud-calesas,Centro de Salud,Madrid,POINT (440110 4471277)
C.S. Las Cortes,"Centro de Salud Las Cortes Carrera San Jerónimo, 32. Madrid",Centro de Salud Las Cortes,Carrera,San Jerónimo,32,079,440697,4474216,07905477,070101,0701,07,CS,https://www.comunidad.madrid/centros/centro-salud-cortes,Centro de Salud,Madrid,POINT (440697 4474216)
C.S. Lavapiés,"Centro de Salud Lavapiés Calle Embajadores, 41. Madrid",Centro de Salud Lavapiés,Calle,Embajadores,41,079,440293,4473266,07901924,070105,0701,07,CS,https://www.comunidad.madrid/centros/centro-salud-lavapies,Centro de Salud,Madrid,POINT (440293 4473266)
C.S. Legazpi,"Centro de Salud Legazpi Calle Antracita, 2. Madrid",Centro de Salud Legazpi,Calle,Antracita,2,079,441298,4471230,07900490,110205,1102,11,CS,https://www.comunidad.madrid/centros/centro-salud-legazpi,Centro de Salud,Madrid,POINT (441298 4471230)
C.S. Linneo,"Centro de Salud Linneo Calle Linneo, 3. Madrid",Centro de Salud Linneo,Calle,Linneo,3,079,438875,4473914,07903457,110201,1102,11,CS,https://www.comunidad.madrid/centros/centro-salud-linneo,Centro de Salud,Madrid,POINT (438875 4473914)
C.S. Londres,"Centro de Salud Londres Calle Londres, 55. Madrid",Centro de Salud Londres,Calle,Londres,55,079,443522,4475907,07903471,020201,0202,02,CS,https://www.comunidad.madrid/centros/centro-salud-londres,Centro de Salud,Madrid,POINT (443522 4475907)
C.S. Los Alpes,"Centro de Salud Los Alpes Calle Suecia, 62. Madrid",Centro de Salud Los Alpes,Calle,Suecia,62,079,448716,4475428,07945384,040206,0402,04,CS,https://www.comunidad.madrid/centros/centro-salud-alpes,Centro de Salud,Madrid,POINT (448716 4475428)
C.S. Los Angeles,"Centro de Salud Los Angeles Calle Totanes, 1. Madrid",Centro de Salud Los Angeles,Calle,Totanes,1,079,440683,4466991,07945088,110302,1103,11,CS,https://www.comunidad.madrid/centros/centro-salud-angeles,Centro de Salud,Madrid,POINT (440683 4466991)
C.S. Los Cármenes,"Centro de Salud Los Cármenes Calle Via Carpetana, 202. Madrid",Centro de Salud Los Cármenes,Calle,Via Carpetana,202,079,437424,4472061,07908995,070303,0703,07,CS,https://www.comunidad.madrid/centros/centro-salud-carmenes,Centro de Salud,Madrid,POINT (437424 4472061)
C.S. Los Rosales,"Centro de Salud Los Rosales Calle Diamante, 12. Madrid",Centro de Salud Los Rosales,Calle,Diamante,12,079,441585,4467176,07901689,110305,1103,11,CS,https://www.comunidad.madrid/centros/centro-salud-rosales,Centro de Salud,Madrid,POINT (441585 4467176)
C.S. Los Yébenes,"Centro de Salud Los Yébenes Calle Yébenes, 46. Madrid",Centro de Salud Los Yébenes,Calle,Yébenes,46,079,436037,4471922,07908823,070307,0703,07,CS,https://www.comunidad.madrid/centros/centro-salud-yebenes,Centro de Salud,Madrid,POINT (436037 4471922)
C.S. Lucero,"Centro de Salud Lucero Calle Latina, 14. Madrid",Centro de Salud Lucero,Calle,Latina,14,079,436301,4472576,07945332,070304,0703,07,CS,https://www.comunidad.madrid/centros/centro-salud-lucero,Centro de Salud,Madrid,POINT (436301 4472576)
C.S. Maqueda,"Centro de Salud Maqueda Calle Seseña, 44. Madrid",Centro de Salud Maqueda,Calle,Seseña,44,079,434997,4472065,07908671,070306,0703,07,CS,https://www.comunidad.madrid/centros/centro-salud-maqueda,Centro de Salud,Madrid,POINT (434997 4472065)
C.S. Mar Báltico,"Centro de Salud Mar Báltico Calle Mar Báltico, 2. Madrid",Centro de Salud Mar Báltico,Calle,Mar Báltico,2,079,445549,4480400,07903728,040304,0403,04,CS,https://www.comunidad.madrid/centros/centro-salud-mar-baltico,Centro de Salud,Madrid,POINT (445549 4480400)
C.S. María Auxiliadora,"Centro de Salud María Auxiliadora Calle María Auxiliadora, 3. Madrid",Centro de Salud María Auxiliadora,Calle,María Auxiliadora,3,079,439477,4478796,07903767,060301,0603,06,CS,https://www.comunidad.madrid/centros/centro-salud-maria-auxiliadora,Centro de Salud,Madrid,POINT (439477 4478796)
C.S. Martín de Vargas,"Centro de Salud Martín de Vargas Calle Martín de Vargas, 15. Madrid",Centro de Salud Martín de Vargas,Calle,Martín de Vargas,15,079,440443,4472732,07903915,110202,1102,11,CS,https://www.comunidad.madrid/centros/centro-salud-martin-vargas,Centro de Salud,Madrid,POINT (440443 4472732)
C.S. Martínez de la Riva,"Centro de Salud Martínez de la Riva Calle Martínez de la Riva, 57. Madrid",Centro de Salud Martínez de la Riva,Calle,Martínez de la Riva,57,079,443517,4471470,07903926,010403,0104,01,CS,https://www.comunidad.madrid/centros/centro-salud-martinez-riva,Centro de Salud,Madrid,POINT (443517 4471470)
C.S. Mirasierra,"Centro de Salud Mirasierra Calle Mirador de la Reina, 117. Madrid",Centro de Salud Mirasierra,Calle,Mirador de la Reina,117,079,439086,4482492,07911967,050407,0504,05,CS,https://www.comunidad.madrid/centros/centro-salud-mirasierra,Centro de Salud,Madrid,POINT (439086 4482492)
C.S. Monóvar,"Centro de Salud Monóvar Calle Monovar, 11. Madrid",Centro de Salud Monóvar,Calle,Monovar,11,079,444325,4480962,07910881,040305,0403,04,CS,https://www.comunidad.madrid/centros/centro-salud-monovar,Centro de Salud,Madrid,POINT (444325 4480962)
C.S. Montesa,"Centro de Salud Montesa Calle Montesa, 38. Madrid",Centro de Salud Montesa,Calle,Montesa,38,079,443003,4475775,07904181,020202,0202,02,CS,https://www.comunidad.madrid/centros/centro-salud-montesa,Centro de Salud,Madrid,POINT (443003 4475775)
C.S. Nuestra Señora de Fátima,"Centro de Salud Nuestra Señora de Fátima Avenida Ntra. Sra. de Fátima, 93. Madrid",Centro de Salud Nuestra Señora de Fátima,Avenida,Ntra. Sra. de Fátima,93,079,436440,4470122,07904338,110403,1104,11,CS,https://www.comunidad.madrid/centros/centro-salud-senora-fatima,Centro de Salud,Madrid,POINT (436440 4470122)
C.S. Numancia,"Centro de Salud Numancia Calle Puerto de Cotos, 2. Madrid",Centro de Salud Numancia,Calle,Puerto de Cotos,2,079,444148,4472579,07911222,010402,0104,01,CS,https://www.comunidad.madrid/centros/centro-salud-numancia,Centro de Salud,Madrid,POINT (444148 4472579)
C.S. Núñez Morgado,"Centro de Salud Núñez Morgado Calle Núñez Morgado, 4. Madrid",Centro de Salud Núñez Morgado,Calle,Núñez Morgado,4,079,441906,4479946,07904374,020304,0203,02,CS,https://www.comunidad.madrid/centros/centro-salud-nunez-morgado,Centro de Salud,Madrid,POINT (441906 4479946)
C.S. Orcasitas,"Centro de Salud Orcasitas Calle Cestona, 3. Madrid",Centro de Salud Orcasitas,Calle,Cestona,3,079,439344,4469379,07901326,110505,1105,11,CS,https://www.comunidad.madrid/centros/centro-salud-orcasitas,Centro de Salud,Madrid,POINT (439344 4469379)
C.S. Orcasur,"Centro de Salud Orcasur Calle Arenas del Rey, 1. Madrid",Centro de Salud Orcasur,Calle,Arenas del Rey,1,079,440520,4468540,07908977,110507,1105,11,CS,https://www.comunidad.madrid/centros/centro-salud-orcasur,Centro de Salud,Madrid,POINT (440520 4468540)
C.S. Pacífico,"Centro de Salud Pacífico Calle Reyes Magos, 21. Madrid",Centro de Salud Pacífico,Calle,Reyes Magos,21,079,442553,4473257,07905177,010302,0103,01,CS,https://www.comunidad.madrid/centros/centro-salud-reyes-magos,Centro de Salud,Madrid,POINT (442553 4473257)
C.S. Palma Norte,"Centro de Salud Palma Norte Calle Palma c\v Norte, 59. Madrid",Centro de Salud Palma Norte,Calle,Palma c\v Norte,59,079,439997,4475351,07904502,070103,0701,07,CS,https://www.comunidad.madrid/centros/centro-salud-palma-norte,Centro de Salud,Madrid,POINT (439997 4475351)
C.S. Párroco Julio Morate,"Centro de Salud Párroco Julio Morate Calle Párroco Julio Morate, 3. Madrid",Centro de Salud Párroco Julio Morate,Calle,Párroco Julio Morate,3,079,440689,4472075,07909605,110203,1102,11,CS,https://www.comunidad.madrid/centros/centro-salud-parroco-julio-morate,Centro de Salud,Madrid,POINT (440689 4472075)
C.S. Paseo Imperial,"Centro de Salud Paseo Imperial Calle Toledo, 180. Madrid",Centro de Salud Paseo Imperial,Calle,Toledo,180,079,439376,4472584,07906039,110201,1102,11,CS,https://www.comunidad.madrid/centros/centro-salud-paseo-imperial,Centro de Salud,Madrid,POINT (439376 4472584)
C.S. Pavones,"Centro de Salud Pavones Calle Hacienda de Pavones, 271. Madrid",Centro de Salud Pavones,Calle,Hacienda de Pavones,271,079,446625,4472269,07904590,010203,0102,01,CS,https://www.comunidad.madrid/centros/centro-salud-pavones,Centro de Salud,Madrid,POINT (446625 4472269)
C.S. Peña Prieta,"Centro de Salud Peña Prieta-Especialidades Calle Altos de Cabrejas, 4. Madrid",Centro de Salud Peña Prieta-Especialidades,Calle,Altos de Cabrejas,4,079,443320,4472204,07900267,010402,0104,01,CS,https://www.comunidad.madrid/centros/centro-salud-peña-prieta,Centro de Salud,Madrid,POINT (443320 4472204)
C.S. Potes,"Centro de Salud Potes Calle Potes, 2. Madrid",Centro de Salud Potes,Calle,Potes,2,079,439703,4466915,07910893,110309,1103,11,CS,https://www.comunidad.madrid/centros/centro-salud-potes,Centro de Salud,Madrid,POINT (439703 4466915)
C.S. Potosí,"Centro de Salud Potosí Calle Potosí, 7. Madrid",Centro de Salud Potosí,Calle,Potosí,7,079,442392,4478720,07907858,020302,0203,02,CS,https://www.comunidad.madrid/centros/centro-salud-potosi,Centro de Salud,Madrid,POINT (442392 4478720)
C.S. Príncipe de Vergara,"Centro de Salud Príncipe de Vergara Calle Príncipe de Vergara, 111. Madrid",Centro de Salud Príncipe de Vergara,Calle,Príncipe de Vergara,111,079,442395,4476819,07902511,020302,0203,02,CS,https://www.comunidad.madrid/centros/centro-salud-principe-vergara,Centro de Salud,Madrid,POINT (442395 4476819)
C.S. Prosperidad,"Centro de Salud Prosperidad Calle Canillas, 99. Madrid",Centro de Salud Prosperidad,Calle,Canillas,99,079,443221,4477264,07901033,020301,0203,02,CS,https://www.comunidad.madrid/centros/centro-salud-prosperidad,Centro de Salud,Madrid,POINT (443221 4477264)
C.S. Puerta Bonita,"Centro de Salud Puerta Bonita Calle Alegria, 24. Madrid",Centro de Salud Puerta Bonita,Calle,Alegria,24,079,437795,4470663,07900160,110409,1104,11,CS,https://www.comunidad.madrid/centros/centro-salud-puerta-bonita,Centro de Salud,Madrid,POINT (437795 4470663)
C.S. Puerta del Angel,"Centro de Salud Puerta del Angel Paseo Extremadura, 113. Madrid",Centro de Salud Puerta del Angel,Paseo,Extremadura,113,079,437613,4473634,07902110,070304,0703,07,CS,https://www.comunidad.madrid/centros/centro-salud-puerta-angel,Centro de Salud,Madrid,POINT (437613 4473634)
C.S. Quince de Mayo,"Centro de Salud Quince de Mayo Paseo Quince de Mayo, 10. Madrid",Centro de Salud Quince de Mayo,Paseo,Quince de Mayo,10,079,439080,4472157,07905047,110402,1104,11,CS,https://www.comunidad.madrid/centros/centro-salud-quince-mayo,Centro de Salud,Madrid,POINT (439080 4472157)
C.S. Rafael Alberti,"Centro de Salud Rafael Alberti Calle San Claudio, 154. Madrid",Centro de Salud Rafael Alberti,Calle,San Claudio,154,079,445755,4471114,07910251,010410,0104,01,CS,https://www.comunidad.madrid/centros/centro-salud-rafael-alberti,Centro de Salud,Madrid,POINT (445755 4471114)
C.S. Reina Victoria,"Centro de Salud Reina Victoria Avenida Reina Victoria, 21. Madrid",Centro de Salud Reina Victoria,Avenida,Reina Victoria,21,079,440001,4477595,07905140,070204,0702,07,CS,https://www.comunidad.madrid/centros/centro-salud-reina-victoria,Centro de Salud,Madrid,POINT (440001 4477595)
C.S. Rejas,"Centro de Salud Rejas Calle Euterpe, 12. Madrid",Centro de Salud Rejas,Calle,Euterpe,12,079,449737,4477116,07945838,040205,0402,04,CS,https://www.comunidad.madrid/centros/centro-salud-rejas,Centro de Salud,Madrid,POINT (449737 4477116)
C.S. San Andrés,"Centro de Salud San Andrés Calle Alberto Palacios, 22. Madrid",Centro de Salud San Andrés,Calle,Alberto Palacios,22,079,439485,4466028,07910754,110304,1103,11,CS,https://www.comunidad.madrid/centros/centro-salud-san-andres,Centro de Salud,Madrid,POINT (439485 4466028)
C.S. San Cristobal,"Centro de Salud San Cristobal Calle Benimamet, 24. Madrid",Centro de Salud San Cristobal,Calle,Benimamet,24,079,441823,4466065,07900801,110306,1103,11,CS,https://www.comunidad.madrid/centros/centro-salud-san-cristobal,Centro de Salud,Madrid,POINT (441823 4466065)
C.S. San Fermín,"Centro de Salud San Fermín Avenida de San Fermín, 3. Madrid",Centro de Salud San Fermín,Avenida,de San Fermín,3,079,441164,4469214,07905433,110506,1105,11,CS,https://www.comunidad.madrid/centros/centro-salud-san-fermin,Centro de Salud,Madrid,POINT (441164 4469214)
C.S. Sanchinarro,"Centro de Salud Sanchinarro Calle Ana de Austria, 26. Madrid",Centro de Salud Sanchinarro,Calle,Ana de Austria,26,079,444296,4482759,07945967,040308,0403,04,CS,https://www.comunidad.madrid/centros/centro-salud-sanchinarro,Centro de Salud,Madrid,POINT (444296 4482759)
C.S. Santa Hortensia,"Centro de Salud Santa Hortensia Calle Santa Hortensia, 14. Madrid",Centro de Salud Santa Hortensia,Calle,Santa Hortensia,14,079,443188,4477378,07905635,020301,0203,02,CS,https://www.comunidad.madrid/centros/centro-salud-santa-hortensia,Centro de Salud,Madrid,POINT (443188 4477378)
C.S. Segovia,"Centro de Salud Segovia Calle Segovia, 4. Madrid",Centro de Salud Segovia,Calle,Segovia,4,079,439771,4473919,07905726,070104,0701,07,CS,https://www.comunidad.madrid/centros/centro-salud-segovia,Centro de Salud,Madrid,POINT (439771 4473919)
C.S. Segre,"Centro de Salud Segre Calle Segre, 27. Madrid",Centro de Salud Segre,Calle,Segre,27,079,441884,4478069,07905729,020302,0203,02,CS,https://www.comunidad.madrid/centros/centro-salud-segre,Centro de Salud,Madrid,POINT (441884 4478069)
C.S. Silvano,"Centro de Salud Silvano Avenida MachuPichu, 58. Madrid",Centro de Salud Silvano,Avenida,MachuPichu,58,079,446164,4479359,07911701,040302,0403,04,CS,https://www.comunidad.madrid/centros/centro-salud-silvano,Centro de Salud,Madrid,POINT (446164 4479359)
C.S. Torito,"Centro de Salud Torito Calle Camino de los Vinateros, 140. Madrid",Centro de Salud Torito,Calle,Camino de los Vinateros,140,079,445166,4473051,07907514,010201,0102,01,CS,https://www.comunidad.madrid/centros/centro-salud-torito,Centro de Salud,Madrid,POINT (445166 4473051)
C.S. Valdebernardo,"Centro de Salud Valdebernardo Bulevar Indalecio Prieto, 26. Madrid",Centro de Salud Valdebernardo,Bulevar,Indalecio Prieto,26,079,447209,4472345,07945424,010207,0102,01,CS,https://www.comunidad.madrid/centros/centro-salud-valdebernardo,Centro de Salud,Madrid,POINT (447209 4472345)
C.S. Valdezarza - Sur,"Centro de Salud Valdezarza-Sur Calle Azuaga, 13. Madrid",Centro de Salud Valdezarza-Sur,Calle,Azuaga,13,079,439687,4479460,07908516,060301,0603,06,CS,https://www.comunidad.madrid/centros/centro-salud-valdezarza-sur,Centro de Salud,Madrid,POINT (439687 4479460)
C.S. Valle Inclán,"Centro de Salud Valle Inclán Calle Valle Inclán, 97. Madrid",Centro de Salud Valle Inclán,Calle,Valle Inclán,97,079,434247,4469805,07908834,070309,0703,07,CS,https://www.comunidad.madrid/centros/centro-salud-valle-inclan,Centro de Salud,Madrid,POINT (434247 4469805)
C.S. Ventura Rodríguez,"Centro de Salud Ventura Rodríguez Calle Ventura Rodríguez, 7. Madrid",Centro de Salud Ventura Rodríguez,Calle,Ventura Rodríguez,7,079,439474,4475202,07906288,060303,0603,06,CS,https://www.comunidad.madrid/centros/centro-salud-ventura-rodriguez,Centro de Salud,Madrid,POINT (439474 4475202)
C.S. Vicente Muzas,"Centro de Salud Vicente Muzas Calle Vicente Muzas, 8. Madrid",Centro de Salud Vicente Muzas,Calle,Vicente Muzas,8,079,443942,4478835,07906339,040107,0401,04,CS,https://www.comunidad.madrid/centros/centro-salud-vicente-muzas,Centro de Salud,Madrid,POINT (443942 4478835)
C.S. Vicente Soldevilla,"Centro de Salud Vicente Soldevilla Calle Sierra de Alquife, 8. Madrid",Centro de Salud Vicente Soldevilla,Calle,Sierra de Alquife,8,079,443380,4471141,07909818,010406,0104,01,CS,https://www.comunidad.madrid/centros/centro-salud-vicente-soldevilla,Centro de Salud,Madrid,POINT (443380 4471141)
C.S. Villa de Vallecas,"Centro de Salud Villa de Vallecas Calle Fuentidueña, 12. Madrid",Centro de Salud Villa de Vallecas,Calle,Fuentidueña,12,079,447181,4469208,07945214,010412,0104,01,CS,https://www.comunidad.madrid/centros/centro-salud-villa-vallecas,Centro de Salud,Madrid,POINT (447181 4469208)
C.S. Villaamil - Doctor Castroviejo,"Centro de Salud Villaamil-Dr. Castroviejo Calle Villaamil, 19. Madrid",Centro de Salud Villaamil-Dr. Castroviejo,Calle,Villaamil,19,079,440114,4478820,07906371,050305,0503,05,CS,https://www.comunidad.madrid/centros/centro-salud-villaamil-doctor-castroviejo,Centro de Salud,Madrid,POINT (440114 4478820)
C.S. Villablanca,"Centro de Salud Villablanca Calle Villablanca, 81. Madrid",Centro de Salud Villablanca,Calle,Villablanca,81,079,449151,4472960,07908985,010205,0102,01,CS,https://www.comunidad.madrid/centros/centro-salud-villablanca,Centro de Salud,Madrid,POINT (449151 4472960)
C.S. Virgen de Begoña,"Centro de Salud Virgen de Begoña Avenida del Llano Castellano, 3. Madrid",Centro de Salud Virgen de Begoña,Avenida,del Llano Castellano,3,079,441919,4481716,07910819,050402,0504,05,CS,https://www.comunidad.madrid/centros/centro-salud-virgen-begona,Centro de Salud,Madrid,POINT (441919 4481716)
C.S. Virgen del Cortijo,"Centro de Salud Virgen del Cortijo Avenida Manoteras, 47. Madrid",Centro de Salud Virgen del Cortijo,Avenida,Manoteras,47,079,443780,4482117,07910535,040308,0403,04,CS,https://www.comunidad.madrid/centros/centro-salud-virgen-cortijo,Centro de Salud,Madrid,POINT (443780 4482117)
C.S. Aravaca,"Centro de Salud Aravaca Calle Riaza, 5. Madrid",Centro de Salud Aravaca,Calle,Riaza,5,079,433721,4478704,07905179,060304,0603,06,CS,https://www.comunidad.madrid/centros/centro-salud-aravaca,Centro de Salud,Madrid,POINT (433721 4478704)
C.S. Cerro del Aire,"Centro de Salud Cerro del Aire Avenida España, 7. Majadahonda",Centro de Salud Cerro del Aire,Avenida,España,7,080,426394,4481068,08001280,060104,0601,06,CS,https://www.comunidad.madrid/centros/centro-salud-cerro-aire,Centro de Salud,Majadahonda,POINT (426394 4481068)
C.S. Valle de la Oliva,"Centro de Salud Valle de la Oliva Calle Enrique Granados, 2. Majadahonda",Centro de Salud Valle de la Oliva,Calle,Enrique Granados,2,080,426650,4477952,08000065,060104,0601,06,CS,https://www.comunidad.madrid/centros/centro-salud-valle-oliva,Centro de Salud,Majadahonda,POINT (426650 4477952)
C.S. Manzanares El Real,"Centro de Salud Manzanares el Real Calle Cañada de los Toros, 8. Manzanares el Real",Centro de Salud Manzanares el Real,Calle,Cañada de los Toros,8,082,427210,4509122,08200242,050202,0502,05,CS,https://www.comunidad.madrid/centros/centro-salud-manzanares-real,Centro de Salud,Manzanares el Real,POINT (427210 4509122)
C.S. Meco,"Centro de Salud Meco Camino Virgen de la Cabeza, 6. Meco",Centro de Salud Meco,Camino,Virgen de la Cabeza,6,083,472083,4488935,08300138,030110,0301,03,CS,https://www.comunidad.madrid/centros/centro-salud-meco,Centro de Salud,Meco,POINT (472083 4488935)
C.S. Mejorada del Campo,"Centro de Salud Mejorada del Campo Calle Ciudad de París, 22. Mejorada del Campo",Centro de Salud Mejorada del Campo,Calle,Ciudad de París,22,084,459055,4471947,08400450,020107,0201,02,CS,https://www.comunidad.madrid/centros/centro-salud-mejorada-campo,Centro de Salud,Mejorada del Campo,POINT (459055 4471947)
C.S. Alcalde Bartolomé González,"Centro de Salud Alcalde Bartolomé González Calle de la Independencia, 8. Móstoles",Centro de Salud Alcalde Bartolomé González,Calle,de la Independencia,8,092,426744,4463969,092A0167,080109,0801,08,CS,https://www.comunidad.madrid/centros/centro-salud-alcalde-bartolome-gonzalez,Centro de Salud,Móstoles,POINT (426744 4463969)
C.S. Barcelona,"Centro de Salud Barcelona Calle Barcelona, 31. Móstoles",Centro de Salud Barcelona,Calle,Barcelona,31,092,427411,4464260,092A0037,080105,0801,08,CS,https://www.comunidad.madrid/centros/centro-salud-barcelona,Centro de Salud,Móstoles,POINT (427411 4464260)
C.S. Doctor Luengo Rodríguez,"Centro de Salud Dr. Luengo Rodríguez Calle Nueva York, 16. Móstoles",Centro de Salud Dr. Luengo Rodríguez,Calle,Nueva York,16,092,427181,4463239,092A0251,080107,0801,08,CS,https://www.comunidad.madrid/centros/centro-salud-doctor-luengo-rodriguez,Centro de Salud,Móstoles,POINT (427181 4463239)
C.S. Dos de Mayo,"Centro de Salud Dos de Mayo Calle Coronel de Palma, 1. Móstoles",Centro de Salud Dos de Mayo,Calle,Coronel de Palma,1,092,425932,4463507,092A0095,080108,0801,08,CS,https://www.comunidad.madrid/centros/centro-salud-dos-mayo,Centro de Salud,Móstoles,POINT (425932 4463507)
C.S. El Soto,"Centro de Salud El Soto Avenida Olímpica, 38. Móstoles",Centro de Salud El Soto,Avenida,Olímpica,38,092,425031,4464628,092A0256,080102,0801,08,CS,https://www.comunidad.madrid/centros/centro-salud-soto,Centro de Salud,Móstoles,POINT (425031 4464628)
C.S. Felipe II,"Centro de Salud Felipe II Avenida Felipe II, 10. Móstoles",Centro de Salud Felipe II,Avenida,Felipe II,10,092,427471,4463678,092A0135,080106,0801,08,CS,https://www.comunidad.madrid/centros/centro-salud-felipe-ii,Centro de Salud,Móstoles,POINT (427471 4463678)
C.S. La Princesa,"Centro de Salud La Princesa Calle Severo Ochoa, 4. Móstoles",Centro de Salud La Princesa,Calle,Severo Ochoa,4,092,427043,4464717,092A0351,080104,0801,08,CS,https://www.comunidad.madrid/centros/centro-salud-princesa,Centro de Salud,Móstoles,POINT (427043 4464717)
C.S. Parque Coimbra,"Centro de Salud Parque Coimbra Avenida de los Sauces, 57. Móstoles",Centro de Salud Parque Coimbra,Avenida,de los Sauces,57,092,420806,4462469,092A0348,080110,0801,08,CS,https://www.comunidad.madrid/centros/centro-salud-parque-coimbra,Centro de Salud,Móstoles,POINT (420806 4462469)
C.S. Presentación Sabio,"Centro de Salud Presentación Sabio Calle Alonso Cano, 8. Móstoles",Centro de Salud Presentación Sabio,Calle,Alonso Cano,8,092,426112,4465137,092A0014,080103,0801,08,CS,https://www.comunidad.madrid/centros/centro-salud-presentacion-sabio,Centro de Salud,Móstoles,POINT (426112 4465137)
C.S. Navalcarnero,"Centro de Salud Navalcarnero Calle de la Doctora, 10. Navalcarnero",Centro de Salud Navalcarnero,Calle,de la Doctora,10,096,413764,4460452,096A0053,080304,0803,08,CS,https://www.comunidad.madrid/centros/centro-salud-navalcarnero,Centro de Salud,Navalcarnero,POINT (413764 4460452)
C.S. Navas del Rey,"Centro de Salud Navas del Rey Avenida de Madrid, 76. Navas del Rey",Centro de Salud Navas del Rey,Avenida,de Madrid,76,099,393669,4471026,09900151,080302,0803,08,CS,https://www.comunidad.madrid/centros/centro-salud-navas-rey,Centro de Salud,Navas del Rey,POINT (393669 4471026)
C.S. Paracuellos del Jarama,"Centro de Salud Paracuellos del Jarama Calle Chorrillo Alta, 26. Paracuellos de Jarama",Centro de Salud Paracuellos del Jarama,Calle,Chorrillo Alta,26,104,454892,4484115,10400012,050108,0501,05,CS,https://www.comunidad.madrid/centros/centro-salud-paracuellos-jarama,Centro de Salud,Paracuellos de Jarama,POINT (454892 4484115)
C.S. Isabel II,"Centro de Salud Isabel II Calle Isabel II, 15. Parla",Centro de Salud Isabel II,Calle,Isabel II,15,106,434937,4454077,10600070,100103,1001,10,CS,https://www.comunidad.madrid/centros/centro-salud-isabel-ii,Centro de Salud,Parla,POINT (434937 4454077)
C.S. Las Américas,"Centro de Salud Las Américas Avenida América, 6. Parla",Centro de Salud Las Américas,Avenida,América,6,106,435118,4453435,10610013,100103,1001,10,CS,https://www.comunidad.madrid/centros/centro-salud-americas,Centro de Salud,Parla,POINT (435118 4453435)
C.S. Los Pintores,"Centro de Salud Los Pintores Calle Prolongación Cuenca, 0. Parla",Centro de Salud Los Pintores,Calle,Prolongación Cuenca,0,106,435013,4455123,10600032,100102,1001,10,CS,https://www.comunidad.madrid/centros/centro-salud-pintores,Centro de Salud,Parla,POINT (435013 4455123)
C.S. San Blas,"Centro de Salud San Blas Calle San Blas, 24. Parla",Centro de Salud San Blas,Calle,San Blas,24,106,434146,4454812,10600730,100104,1001,10,CS,https://www.comunidad.madrid/centros/centro-salud-san-blas-parla,Centro de Salud,Parla,POINT (434146 4454812)
C.S. Perales de Tajuña,"Centro de Salud Perales de Tajuña Avenida Paz, 5. Perales de Tajuña",Centro de Salud Perales de Tajuña,Avenida,Paz,5,110,470081,4453532,11000122,010102,0101,01,CS,https://www.comunidad.madrid/centros/centro-salud-perales-tajuna,Centro de Salud,Perales de Tajuña,POINT (470081 4453532)
C.S. Parque de Europa,"Centro de Salud Parque de Europa Plaza David Martín, 3. Pinto",Centro de Salud Parque de Europa,Plaza,David Martín,3,113,440902,4455913,11300061,100105,1001,10,CS,https://www.comunidad.madrid/centros/centro-salud-parque-europa,Centro de Salud,Pinto,POINT (440902 4455913)
C.S. Pinto,"Centro de Salud Pinto Calle del Marqués, 0. Pinto",Centro de Salud Pinto,Calle,del Marqués,0,113,440664,4454857,113A0170,100105,1001,10,CS,https://www.comunidad.madrid/centros/centro-salud-pinto,Centro de Salud,Pinto,POINT (440664 4454857)
C.S. San Juan de la Cruz,"Centro de Salud San Juan de la Cruz Calle San Juan de la Cruz, 4. Pozuelo de Alarcón",Centro de Salud San Juan de la Cruz,Calle,San Juan de la Cruz,4,115,430905,4475868,115A0623,060102,0601,06,CS,https://www.comunidad.madrid/centros/centro-salud-san-juan-cruz,Centro de Salud,Pozuelo de Alarcón,POINT (430905 4475868)
C.S. Pozuelo - Estación,"Centro de Salud Pozuelo-Estación Calle de la Emisora, 5. Pozuelo de Alarcón",Centro de Salud Pozuelo-Estación,Calle,de la Emisora,5,115,431952,4476783,115A0234,060102,0601,06,CS,https://www.comunidad.madrid/centros/centro-salud-pozuelo-estacion,Centro de Salud,Pozuelo de Alarcón,POINT (431952 4476783)
C.S. Somosaguas,"Centro de Salud Somosaguas Calle Plasencia c\v Calle Extremadura, 0. Pozuelo de Alarcón",Centro de Salud Somosaguas,Calle,Plasencia c\v Calle Extremadura,0,115,433671,4473672,11503213,060102,0601,06,CS,https://www.comunidad.madrid/centros/centro-salud-somosaguas,Centro de Salud,Pozuelo de Alarcón,POINT (433671 4473672)
C.S. Rascafría,"Centro de Salud Rascafría Avenida Ribera de Artiñuelo, 2. Rascafría",Centro de Salud Rascafría,Avenida,Ribera de Artiñuelo,2,120,426049,4528263,120A0079,050112,0501,05,CS,https://www.comunidad.madrid/centros/centro-salud-rascafria,Centro de Salud,Rascafría,POINT (426049 4528263)
C.S. La Paz - Rivas,"Centro de Salud La Paz - Rivas Avenida Parque de Asturias, 0. Rivas-Vaciamadrid",Centro de Salud La Paz - Rivas,Avenida,Parque de Asturias,0,123,453369,4468340,123A0072,010105,0101,01,CS,https://www.comunidad.madrid/centros/centro-salud-paz,Centro de Salud,Rivas-Vaciamadrid,POINT (453369 4468340)
C.S. Santa Mónica,"Centro de Salud Santa Monica Calle Acacias, 120. Rivas-Vaciamadrid",Centro de Salud Santa Monica,Calle,Acacias,120,123,454664,4467889,12300103,010105,0101,01,CS,https://www.comunidad.madrid/centros/centro-salud-santa-monica,Centro de Salud,Rivas-Vaciamadrid,POINT (454664 4467889)
C.S. Primero de Mayo,"Centro de Salud Primero de Mayo Avda. Velázquez, 7. Rivas-Vaciamadrid",Centro de Salud Primero de Mayo,Avda.,Velázquez,7,123,455711,4465551,12300811,010105,0101,01,CS,https://www.comunidad.madrid/centros/centro-salud-primero-mayo,Centro de Salud,Rivas-Vaciamadrid,POINT (455711 4465551)
C.S. Robledo de Chavela,"Centro de Salud Robledo de Chavela Carretera Navas del Rey, 4. Robledo de Chavela",Centro de Salud Robledo de Chavela,Carretera,Navas del Rey,4,125,394944,4483803,12500428,060207,0602,06,CS,https://www.comunidad.madrid/centros/centro-salud-robledo-chavela,Centro de Salud,Robledo de Chavela,POINT (394944 4483803)
C.S. Los Alperchines,"Centro de Salud Los Alperchines Calle Córdoba, 4. San Fernando de Henares",Centro de Salud Los Alperchines,Calle,Córdoba,4,130,454704,4475295,13000505,020105,0201,02,CS,https://www.comunidad.madrid/centros/centro-salud-alperchines,Centro de Salud,San Fernando de Henares,POINT (454704 4475295)
C.S. San Fernando,"Centro de Salud San Fernando Plaza Ondarreta, 1. San Fernando de Henares",Centro de Salud San Fernando,Plaza,Ondarreta,1,130,455044,4474741,13000410,020106,0201,02,CS,https://www.comunidad.madrid/centros/centro-salud-san-fernando,Centro de Salud,San Fernando de Henares,POINT (455044 4474741)
C.S. San Carlos,"Centro de Salud San Carlos Calle Xavier Cabello Lapiedra, 1. San Lorenzo de El Escorial",Centro de Salud San Carlos,Calle,Xavier Cabello Lapiedra,1,131,402713,4494093,13100411,060203,0602,06,CS,https://www.comunidad.madrid/centros/centro-salud-san-carlos,Centro de Salud,San Lorenzo de El Escorial,POINT (402713 4494093)
C.S. San Martín de la Vega,"Centro de Salud San Martín de la Vega Avenida Doce de Octubre, 6. San Martín de la Vega",Centro de Salud San Martín de la Vega,Avenida,Doce de Octubre,6,132,450772,4451238,13200577,110106,1101,11,CS,https://www.comunidad.madrid/centros/centro-salud-san-martin-vega,Centro de Salud,San Martín de la Vega,POINT (450772 4451238)
C.S. San Martín de Valdeiglesias,"Centro de Salud San Martín de Valdeiglesias Calle de la Bola, 1. San Martín de Valdeiglesias",Centro de Salud San Martín de Valdeiglesias,Calle,de la Bola,1,133,381050,4469158,13300886,080302,0803,08,CS,https://www.comunidad.madrid/centros/centro-salud-san-martin-valdeiglesias,Centro de Salud,San Martín de Valdeiglesias,POINT (381050 4469158)
C.S. Reyes Católicos,"Centro de Salud Reyes Católicos Avenida de España, 20. San Sebastián de los Reyes",Centro de Salud Reyes Católicos,Avenida,de España,20,134,446619,4488413,13400480,050106,0501,05,CS,https://www.comunidad.madrid/centros/centro-salud-reyes-catolicos,Centro de Salud,San Sebastián de los Reyes,POINT (446619 4488413)
C.S. Rosa Luxemburgo,"Centro de Salud Rosa Luxemburgo Avenida Aragón, 6. San Sebastián de los Reyes",Centro de Salud Rosa Luxemburgo,Avenida,Aragón,6,134,446470,4490009,13400789,050107,0501,05,CS,https://www.comunidad.madrid/centros/centro-salud-rosa-luxemburgo,Centro de Salud,San Sebastián de los Reyes,POINT (446470 4490009)
C.S. V Centenario,"Centro de Salud V Centenario Calle Real, 91. San Sebastián de los Reyes",Centro de Salud V Centenario,Calle,Real,91,134,447276,4489009,13401546,050105,0501,05,CS,https://www.comunidad.madrid/centros/centro-salud-v-centenario,Centro de Salud,San Sebastián de los Reyes,POINT (447276 4489009)
C.S. Soto del Real,"Centro de Salud Soto del Real Calle Cristal, 2. Soto del Real",Centro de Salud Soto del Real,Calle,Cristal,2,144,433500,4511427,144A0007,050203,0502,05,CS,https://www.comunidad.madrid/centros/centro-salud-soto-real,Centro de Salud,Soto del Real,POINT (433500 4511427)
C.S. Brújula,"Centro de Salud Brújula Calle Brújula, 0. Torrejón de Ardoz",Centro de Salud Brújula,Calle,Brújula,0,148,460888,4477855,14800031,030204,0302,03,CS,https://www.comunidad.madrid/centros/centro-salud-brujula,Centro de Salud,Torrejón de Ardoz,POINT (460888 4477855)
C.S. Fronteras,"Centro de Salud Fronteras Calle Puerto de Navacerrada, 4. Torrejón de Ardoz",Centro de Salud Fronteras,Calle,Puerto de Navacerrada,4,148,458968,4478794,14801603,030201,0302,03,CS,https://www.comunidad.madrid/centros/centro-salud-fronteras,Centro de Salud,Torrejón de Ardoz,POINT (458968 4478794)
C.S. Juncal,"Centro de Salud Juncal Avenida Madrid c/v Brasil, 39. Torrejón de Ardoz",Centro de Salud Juncal,Avenida,Madrid c/v Brasil,39,148,461061,4479366,14800143,030203,0302,03,CS,https://www.comunidad.madrid/centros/centro-salud-juncal,Centro de Salud,Torrejón de Ardoz,POINT (461061 4479366)
C.S. La Plata,"Centro de Salud La Plata Avenida Unión Europea, 4. Torrejón de Ardoz",Centro de Salud La Plata,Avenida,Unión Europea,4,148,461627,4478651,148C0017,030205,0302,03,CS,https://www.comunidad.madrid/centros/centro-salud-plata,Centro de Salud,Torrejón de Ardoz,POINT (461627 4478651)
C.S. Las Veredillas,"Centro de Salud Las Veredillas Calle Turín, 37. Torrejón de Ardoz",Centro de Salud Las Veredillas,Calle,Turín,37,148,459934,4479443,14800243,030202,0302,03,CS,https://www.comunidad.madrid/centros/centro-salud-veredillas,Centro de Salud,Torrejón de Ardoz,POINT (459934 4479443)
C.S. Los Fresnos,"Centro de Salud Los Fresnos Calle Zeus c/v Joaquín Blume, 0. Torrejón de Ardoz",Centro de Salud Los Fresnos,Calle,Zeus c/v Joaquín Blume,0,148,460100,4477139,14801859,030204,0302,03,CS,https://www.comunidad.madrid/centros/centro-salud-fresnos,Centro de Salud,Torrejón de Ardoz,POINT (460100 4477139)
C.S. Torrelaguna,"Centro de Salud Torrelaguna Calle Malacuera, 26. Torrelaguna",Centro de Salud Torrelaguna,Calle,Malacuera,26,151,454580,4519341,151A0071,050113,0501,05,CS,https://www.comunidad.madrid/centros/centro-salud-torrelaguna,Centro de Salud,Torrelaguna,POINT (454580 4519341)
C.S. Torrelodones,"Centro de Salud Torrelodones Avenida de la Dehesa, 63. Torrelodones",Centro de Salud Torrelodones,Avenida,de la Dehesa,63,152,421332,4492670,15200455,060201,0602,06,CS,https://www.comunidad.madrid/centros/centro-salud-torrelodones,Centro de Salud,Torrelodones,POINT (421332 4492670)
C.S. Torres de la Alameda,"Centro de Salud Torres de la Alameda Plaza del Juego de la Pelota, 3. Torres de la Alameda",Centro de Salud Torres de la Alameda,Plaza,del Juego de la Pelota,3,154,469108,4472946,154A0076,030111,0301,03,CS,https://www.comunidad.madrid/centros/centro-salud-torres-alameda,Centro de Salud,Torres de la Alameda,POINT (469108 4472946)
C.S. Tres Cantos,"Centro de Salud Tres Cantos Calle Sector Oficios, 12. Tres Cantos",Centro de Salud Tres Cantos,Calle,Sector Oficios,12,903,439713,4495309,90300006,050204,0502,05,CS,https://www.comunidad.madrid/centros/centro-salud-tres-cantos,Centro de Salud,Tres Cantos,POINT (439713 4495309)
C.S. Tres Cantos II - Sector Embarcaciones,"Centro de Salud Tres Cantos II Calle Sector Embarcaciones, 36. Tres Cantos",Centro de Salud Tres Cantos II,Calle,Sector Embarcaciones,36,903,440477,4494503,90300016,050204,0502,05,CS,https://www.comunidad.madrid/centros/centro-salud-tres-cantos-ii-sector-embarcaciones,Centro de Salud,Tres Cantos,POINT (440477 4494503)
C.S. El Reston,"Centro de Salud El Reston Avenida Mar Mediterráneo, 1. Valdemoro",Centro de Salud El Reston,Avenida,Mar Mediterráneo,1,161,442272,4448523,16110044,110101,1101,11,CS,https://www.comunidad.madrid/centros/centro-salud-reston,Centro de Salud,Valdemoro,POINT (442272 4448523)
C.S. Valdemoro,"Centro de Salud Valdemoro Calle Parla, 14. Valdemoro",Centro de Salud Valdemoro,Calle,Parla,14,161,441669,4449307,16100636,110101,1101,11,CS,https://www.comunidad.madrid/centros/centro-salud-valdemoro,Centro de Salud,Valdemoro,POINT (441669 4449307)
C.S. Villa del Prado,"Centro de Salud Villa del Prado Paseo de la Estación, 2. Villa del Prado",Centro de Salud Villa del Prado,Paseo,de la Estación,2,171,389460,4459040,17100435,080303,0803,08,CS,https://www.comunidad.madrid/centros/centro-salud-villa-prado,Centro de Salud,Villa del Prado,POINT (389460 4459040)
C.S. Villanueva de la Cañada,"Centro de Salud Villanueva de la Cañada Calle de las Eras de Móstoles, 18. Villanueva de la Cañad",Centro de Salud Villanueva de la Cañada,Calle,de las Eras de Móstoles,18,176,415043,4477832,176A0072,060103,0601,06,CS,https://www.comunidad.madrid/centros/centro-salud-villanueva-canada,Centro de Salud,Villanueva de la Cañada,POINT (415043 4477832)
C.S. Villarejo de Salvanés,"Centro de Salud Villarejo de Salvanés Calle Hospital, 7. Villarejo de Salvanés",Centro de Salud Villarejo de Salvanés,Calle,Hospital,7,180,476562,4446692,18000039,010101,0101,01,CS,https://www.comunidad.madrid/centros/centro-salud-villarejo-salvanes,Centro de Salud,Villarejo de Salvanés,POINT (476562 4446692)
C.S. Villaviciosa de Odón,"Centro de Salud Villaviciosa de Odón Avenida Príncipe de Asturias, 173. Villaviciosa de Odón",Centro de Salud Villaviciosa de Odón,Avenida,Príncipe de Asturias,173,181,422878,4468012,181A0286,080305,0803,08,CS,https://www.comunidad.madrid/centros/centro-salud-villaviciosa-odon,Centro de Salud,Villaviciosa de Odón,POINT (422878 4468012)
